use ELIDEK;


--
-- INSERT Fields
--


INSERT INTO `Fields` (`Field_name`) VALUES ('Math');
INSERT INTO `Fields` (`Field_name`) VALUES ('Computer Science');
INSERT INTO `Fields` (`Field_name`) VALUES ('Biology');
INSERT INTO `Fields` (`Field_name`) VALUES ('Civil engineering');
INSERT INTO `Fields` (`Field_name`) VALUES ('Physics');
INSERT INTO `Fields` (`Field_name`) VALUES ('Chemistry');
INSERT INTO `Fields` (`Field_name`) VALUES ('Health Sciences');
INSERT INTO `Fields` (`Field_name`) VALUES ('Mechanical engineering');
INSERT INTO `Fields` (`Field_name`) VALUES ('Electrical engineering');
INSERT INTO `Fields` (`Field_name`) VALUES ('Agriculture');
INSERT INTO `Fields` (`Field_name`) VALUES ('Psychology');
INSERT INTO `Fields` (`Field_name`) VALUES ('Geology');
INSERT INTO `Fields` (`Field_name`) VALUES ('Social Sciences');
INSERT INTO `Fields` (`Field_name`) VALUES ('Archaeology');


--
-- INSERT Program
--


INSERT INTO `Program` (`Name`,`Administration`) VALUES ('Batman','Finance');
INSERT INTO `Program` (`Name`,`Administration`) VALUES ('Bender Project','Finance');
INSERT INTO `Program` (`Name`,`Administration`) VALUES ('Canary','Administration');
INSERT INTO `Program` (`Name`,`Administration`) VALUES ('Casanova','Finance');
INSERT INTO `Program` (`Name`,`Administration`) VALUES ('Cascade','Research');
INSERT INTO `Program` (`Name`,`Administration`) VALUES ('Bigfish','Finance');
INSERT INTO `Program` (`Name`,`Administration`) VALUES ('Bigfoot','Research');
INSERT INTO `Program` (`Name`,`Administration`) VALUES ('Horned Frogs','Finance');
INSERT INTO `Program` (`Name`,`Administration`) VALUES ('Hornets','Administration');
INSERT INTO `Program` (`Name`,`Administration`) VALUES ('Husky Cat','Finance');
INSERT INTO `Program` (`Name`,`Administration`) VALUES ('Massive Monkey','Administration');
INSERT INTO `Program` (`Name`,`Administration`) VALUES ('Matadors','Research');
INSERT INTO `Program` (`Name`,`Administration`) VALUES ('Mercury','Finance');
INSERT INTO `Program` (`Name`,`Administration`) VALUES ('The Bomb Squad','Research');
INSERT INTO `Program` (`Name`,`Administration`) VALUES ('The Violent Storms','Administration');
INSERT INTO `Program` (`Name`,`Administration`) VALUES ('Weekend Warriors','Finance');
INSERT INTO `Program` (`Name`,`Administration`) VALUES ('Westerners','Finance');
INSERT INTO `Program` (`Name`,`Administration`) VALUES ('Whistler','Finance');
INSERT INTO `Program` (`Name`,`Administration`) VALUES ('In Recognition of Codes','Finance');
INSERT INTO `Program` (`Name`,`Administration`) VALUES ('Moving Bird','Finance');
INSERT INTO `Program` (`Name`,`Administration`) VALUES ('The Blue Bird','Research');
INSERT INTO `Program` (`Name`,`Administration`) VALUES ('Social Geek Made','Administration');
INSERT INTO `Program` (`Name`,`Administration`) VALUES ('Made by Me','Administration');
INSERT INTO `Program` (`Name`,`Administration`) VALUES ('The Discovery of Era','Research');
INSERT INTO `Program` (`Name`,`Administration`) VALUES ('Remembering Our Ancestors','Finance');
INSERT INTO `Program` (`Name`,`Administration`) VALUES ('Meetup for the Good','Finance');
INSERT INTO `Program` (`Name`,`Administration`) VALUES ('The Success','Administration');
INSERT INTO `Program` (`Name`,`Administration`) VALUES ('Project Explained','Research');
INSERT INTO `Program` (`Name`,`Administration`) VALUES ('The Social Experiment','Finance');
INSERT INTO `Program` (`Name`,`Administration`) VALUES ('The Network','Research');


--
-- INSERT Executive
--


INSERT INTO `Executive` (`Name`) VALUES ('Kenneth Smith');
INSERT INTO `Executive` (`Name`) VALUES ('Michelle Jackson');
INSERT INTO `Executive` (`Name`) VALUES ('John Scott');
INSERT INTO `Executive` (`Name`) VALUES ('Angela Barrett');
INSERT INTO `Executive` (`Name`) VALUES ('Julia Reyes');
INSERT INTO `Executive` (`Name`) VALUES ('Laura Mccoy');
INSERT INTO `Executive` (`Name`) VALUES ('Joseph Mason');
INSERT INTO `Executive` (`Name`) VALUES ('Phillip Jones');
INSERT INTO `Executive` (`Name`) VALUES ('Cathy Newman');
INSERT INTO `Executive` (`Name`) VALUES ('Karen Hall');
INSERT INTO `Executive` (`Name`) VALUES ('Christopher Nielsen');
INSERT INTO `Executive` (`Name`) VALUES ('Ashley Jacobs');
INSERT INTO `Executive` (`Name`) VALUES ('James Wong');
INSERT INTO `Executive` (`Name`) VALUES ('Michelle Murray');
INSERT INTO `Executive` (`Name`) VALUES ('Tracy Blair');
INSERT INTO `Executive` (`Name`) VALUES ('Kathryn Clark');
INSERT INTO `Executive` (`Name`) VALUES ('Andrew Barnes');
INSERT INTO `Executive` (`Name`) VALUES ('Jennifer Watkins');
INSERT INTO `Executive` (`Name`) VALUES ('Brandy Williams');
INSERT INTO `Executive` (`Name`) VALUES ('Neil Schmidt');


--
-- INSERT ORGANISATION
--


INSERT INTO `Organisation` (`Org_id`,`Abbreviation`,`Name`,`Zip_code`,`Street`,`City`) VALUES ('1','X.G.D.A.I','Armstrong University','07911','Yesenia Lodge 122','Bowerstown');
INSERT INTO `Organisation` (`Org_id`,`Abbreviation`,`Name`,`Zip_code`,`Street`,`City`) VALUES ('2','R.V.B.J.U','Asbury College','72331','Tyler Turnpike 174','Garzaton');
INSERT INTO `Organisation` (`Org_id`,`Abbreviation`,`Name`,`Zip_code`,`Street`,`City`) VALUES ('3','G.H.O.D.I','Ashland University','88753','Hughes Highway 45','Samueltown');
INSERT INTO `Organisation` (`Org_id`,`Abbreviation`,`Name`,`Zip_code`,`Street`,`City`) VALUES ('4','E.G.U.X.B','Assumption College','01098','Kenneth Square 82','East Julie');
INSERT INTO `Organisation` (`Org_id`,`Abbreviation`,`Name`,`Zip_code`,`Street`,`City`) VALUES ('5','K.C.M.G.Y','Atlantic University','09663','Elizabeth Key 148','Carterport');
INSERT INTO `Organisation` (`Org_id`,`Abbreviation`,`Name`,`Zip_code`,`Street`,`City`) VALUES ('6','M.S.V.T.S','Auburn University','77951','Patricia Corners 152','North Stephen');
INSERT INTO `Organisation` (`Org_id`,`Abbreviation`,`Name`,`Zip_code`,`Street`,`City`) VALUES ('7','P.C.B.O.D','Augsburg College','57905','Steven Corners 2','Lisaview');
INSERT INTO `Organisation` (`Org_id`,`Abbreviation`,`Name`,`Zip_code`,`Street`,`City`) VALUES ('8','R.A.P.C.F','Augustana College','21272','Green Locks 131','West Susanborough');
INSERT INTO `Organisation` (`Org_id`,`Abbreviation`,`Name`,`Zip_code`,`Street`,`City`) VALUES ('9','A.V.P.J.I','Augustana College','30061','Ford Lodge 82','Stephanieland');
INSERT INTO `Organisation` (`Org_id`,`Abbreviation`,`Name`,`Zip_code`,`Street`,`City`) VALUES ('10','C.Y.R.E.L','Aurora University','22376','Kristie Spurs 115','South John');
INSERT INTO `Organisation` (`Org_id`,`Abbreviation`,`Name`,`Zip_code`,`Street`,`City`) VALUES ('11','A.X.A.O.D','Austin College','10119','Scott Pass 141','Kimberlytown');
INSERT INTO `Organisation` (`Org_id`,`Abbreviation`,`Name`,`Zip_code`,`Street`,`City`) VALUES ('12','X.B.Q.N.O','Averett College','33761','Sharon Glen 19','Thomaschester');
INSERT INTO `Organisation` (`Org_id`,`Abbreviation`,`Name`,`Zip_code`,`Street`,`City`) VALUES ('13','U.G.Z.B.L','Avila College','10569','Rebecca Via 198','Lake Kevinhaven');
INSERT INTO `Organisation` (`Org_id`,`Abbreviation`,`Name`,`Zip_code`,`Street`,`City`) VALUES ('14','R.A.E.L.W','Babson College','84197','Kelsey Cliff 75','Williamsstad');
INSERT INTO `Organisation` (`Org_id`,`Abbreviation`,`Name`,`Zip_code`,`Street`,`City`) VALUES ('15','G.W.F.A.W','Baker University','19279','Munoz Trace 181','Joelport');
INSERT INTO `Organisation` (`Org_id`,`Abbreviation`,`Name`,`Zip_code`,`Street`,`City`) VALUES ('16','X.G.D.A.I','Jackson-Tate','07911','Yesenia Lodge 122','Bowerstown');
INSERT INTO `Organisation` (`Org_id`,`Abbreviation`,`Name`,`Zip_code`,`Street`,`City`) VALUES ('17','R.V.B.J.U','Mack-Garcia','72331','Tyler Turnpike 174','Garzaton');
INSERT INTO `Organisation` (`Org_id`,`Abbreviation`,`Name`,`Zip_code`,`Street`,`City`) VALUES ('18','G.H.O.D.I','Tate PLC','88753','Hughes Highway 45','Samueltown');
INSERT INTO `Organisation` (`Org_id`,`Abbreviation`,`Name`,`Zip_code`,`Street`,`City`) VALUES ('19','E.G.U.X.B','Harper LLC','01098','Kenneth Square 82','East Julie');
INSERT INTO `Organisation` (`Org_id`,`Abbreviation`,`Name`,`Zip_code`,`Street`,`City`) VALUES ('20','K.C.M.G.Y','Jackson-Ramsey','09663','Elizabeth Key 148','Carterport');
INSERT INTO `Organisation` (`Org_id`,`Abbreviation`,`Name`,`Zip_code`,`Street`,`City`) VALUES ('21','M.S.V.T.S','Steele Ltd','77951','Patricia Corners 152','North Stephen');
INSERT INTO `Organisation` (`Org_id`,`Abbreviation`,`Name`,`Zip_code`,`Street`,`City`) VALUES ('22','P.C.B.O.D','Silva-Williams','57905','Steven Corners 2','Lisaview');
INSERT INTO `Organisation` (`Org_id`,`Abbreviation`,`Name`,`Zip_code`,`Street`,`City`) VALUES ('23','R.A.P.C.F','Taylor-Castro','21272','Green Locks 131','West Susanborough');
INSERT INTO `Organisation` (`Org_id`,`Abbreviation`,`Name`,`Zip_code`,`Street`,`City`) VALUES ('24','A.V.P.J.I','Luna-Dunlap','30061','Ford Lodge 82','Stephanieland');
INSERT INTO `Organisation` (`Org_id`,`Abbreviation`,`Name`,`Zip_code`,`Street`,`City`) VALUES ('25','C.Y.R.E.L','Fisher Group','22376','Kristie Spurs 115','South John');
INSERT INTO `Organisation` (`Org_id`,`Abbreviation`,`Name`,`Zip_code`,`Street`,`City`) VALUES ('26','A.X.A.O.D','Reeves LLC','10119','Scott Pass 141','Kimberlytown');
INSERT INTO `Organisation` (`Org_id`,`Abbreviation`,`Name`,`Zip_code`,`Street`,`City`) VALUES ('27','X.B.Q.N.O','Jimenez, Noble and Barnes','33761','Sharon Glen 19','Thomaschester');
INSERT INTO `Organisation` (`Org_id`,`Abbreviation`,`Name`,`Zip_code`,`Street`,`City`) VALUES ('28','U.G.Z.B.L','Jacobson Group','10569','Rebecca Via 198','Lake Kevinhaven');
INSERT INTO `Organisation` (`Org_id`,`Abbreviation`,`Name`,`Zip_code`,`Street`,`City`) VALUES ('29','R.A.E.L.W','Shelton, Mullen and Johnson','84197','Kelsey Cliff 75','Williamsstad');
INSERT INTO `Organisation` (`Org_id`,`Abbreviation`,`Name`,`Zip_code`,`Street`,`City`) VALUES ('30','G.W.F.A.W','Friedman, Frank and Roy','19279','Munoz Trace 181','Joelport');
INSERT INTO `Organisation` (`Org_id`,`Abbreviation`,`Name`,`Zip_code`,`Street`,`City`) VALUES ('31','X.G.D.A.I','American Institutes for Research','07911','Yesenia Lodge 122','Bowerstown');
INSERT INTO `Organisation` (`Org_id`,`Abbreviation`,`Name`,`Zip_code`,`Street`,`City`) VALUES ('32','R.V.B.J.U','National Institutes of Health (NIH)','72331','Tyler Turnpike 174','Garzaton');
INSERT INTO `Organisation` (`Org_id`,`Abbreviation`,`Name`,`Zip_code`,`Street`,`City`) VALUES ('33','G.H.O.D.I','Russian Academy of Sciences','88753','Hughes Highway 45','Samueltown');
INSERT INTO `Organisation` (`Org_id`,`Abbreviation`,`Name`,`Zip_code`,`Street`,`City`) VALUES ('34','E.G.U.X.B','Scripps Research Institute','01098','Kenneth Square 82','East Julie');
INSERT INTO `Organisation` (`Org_id`,`Abbreviation`,`Name`,`Zip_code`,`Street`,`City`) VALUES ('35','K.C.M.G.Y','Erasmus Medical Center Rotterdam','09663','Elizabeth Key 148','Carterport');
INSERT INTO `Organisation` (`Org_id`,`Abbreviation`,`Name`,`Zip_code`,`Street`,`City`) VALUES ('36','M.S.V.T.S','Polish Academy of Sciences','77951','Patricia Corners 152','North Stephen');
INSERT INTO `Organisation` (`Org_id`,`Abbreviation`,`Name`,`Zip_code`,`Street`,`City`) VALUES ('37','P.C.B.O.D','Institut Pasteur','57905','Steven Corners 2','Lisaview');
INSERT INTO `Organisation` (`Org_id`,`Abbreviation`,`Name`,`Zip_code`,`Street`,`City`) VALUES ('38','R.A.P.C.F','UK Meteorological Office','21272','Green Locks 131','West Susanborough');
INSERT INTO `Organisation` (`Org_id`,`Abbreviation`,`Name`,`Zip_code`,`Street`,`City`) VALUES ('39','A.V.P.J.I','Space Telescope Science Institute','30061','Ford Lodge 82','Stephanieland');
INSERT INTO `Organisation` (`Org_id`,`Abbreviation`,`Name`,`Zip_code`,`Street`,`City`) VALUES ('40','C.Y.R.E.L','Observatoire de Paris','22376','Kristie Spurs 115','South John');


--
-- INSERT UNIVERSITY
--


INSERT INTO `University` (`Org_id`,`Min_budget`) VALUES ('1','570834525');
INSERT INTO `University` (`Org_id`,`Min_budget`) VALUES ('2','866699236');
INSERT INTO `University` (`Org_id`,`Min_budget`) VALUES ('3','767274725');
INSERT INTO `University` (`Org_id`,`Min_budget`) VALUES ('4','419244818');
INSERT INTO `University` (`Org_id`,`Min_budget`) VALUES ('5','305326454');
INSERT INTO `University` (`Org_id`,`Min_budget`) VALUES ('6','563763916');
INSERT INTO `University` (`Org_id`,`Min_budget`) VALUES ('7','291510280');
INSERT INTO `University` (`Org_id`,`Min_budget`) VALUES ('8','935561766');
INSERT INTO `University` (`Org_id`,`Min_budget`) VALUES ('9','740809230');
INSERT INTO `University` (`Org_id`,`Min_budget`) VALUES ('10','279673100');
INSERT INTO `University` (`Org_id`,`Min_budget`) VALUES ('11','878112016');
INSERT INTO `University` (`Org_id`,`Min_budget`) VALUES ('12','827219942');
INSERT INTO `University` (`Org_id`,`Min_budget`) VALUES ('13','970740659');
INSERT INTO `University` (`Org_id`,`Min_budget`) VALUES ('14','733772046');
INSERT INTO `University` (`Org_id`,`Min_budget`) VALUES ('15','875481221');


--
-- INSERT COMPANY
--


INSERT INTO `Company` (`Org_id`,`Equity`) VALUES ('16','959663064');
INSERT INTO `Company` (`Org_id`,`Equity`) VALUES ('17','882344197');
INSERT INTO `Company` (`Org_id`,`Equity`) VALUES ('18','440464273');
INSERT INTO `Company` (`Org_id`,`Equity`) VALUES ('19','726153381');
INSERT INTO `Company` (`Org_id`,`Equity`) VALUES ('20','160515729');
INSERT INTO `Company` (`Org_id`,`Equity`) VALUES ('21','816433375');
INSERT INTO `Company` (`Org_id`,`Equity`) VALUES ('22','870245558');
INSERT INTO `Company` (`Org_id`,`Equity`) VALUES ('23','818741473');
INSERT INTO `Company` (`Org_id`,`Equity`) VALUES ('24','468866942');
INSERT INTO `Company` (`Org_id`,`Equity`) VALUES ('25','459658620');
INSERT INTO `Company` (`Org_id`,`Equity`) VALUES ('26','386144392');
INSERT INTO `Company` (`Org_id`,`Equity`) VALUES ('27','667496961');
INSERT INTO `Company` (`Org_id`,`Equity`) VALUES ('28','224344703');
INSERT INTO `Company` (`Org_id`,`Equity`) VALUES ('29','771222004');
INSERT INTO `Company` (`Org_id`,`Equity`) VALUES ('30','976212654');


--
-- INSERT RES_FACILITY
--


INSERT INTO `Res_facility` (`Org_id`,`Min_budget`,`Priv_budget`) VALUES ('31','102754355','497245313');
INSERT INTO `Res_facility` (`Org_id`,`Min_budget`,`Priv_budget`) VALUES ('32','404679427','377926106');
INSERT INTO `Res_facility` (`Org_id`,`Min_budget`,`Priv_budget`) VALUES ('33','143952867','333210316');
INSERT INTO `Res_facility` (`Org_id`,`Min_budget`,`Priv_budget`) VALUES ('34','96625574','373636971');
INSERT INTO `Res_facility` (`Org_id`,`Min_budget`,`Priv_budget`) VALUES ('35','432417043','68808728');
INSERT INTO `Res_facility` (`Org_id`,`Min_budget`,`Priv_budget`) VALUES ('36','289456854','212901203');
INSERT INTO `Res_facility` (`Org_id`,`Min_budget`,`Priv_budget`) VALUES ('37','305480381','219977780');
INSERT INTO `Res_facility` (`Org_id`,`Min_budget`,`Priv_budget`) VALUES ('38','140710549','478559507');
INSERT INTO `Res_facility` (`Org_id`,`Min_budget`,`Priv_budget`) VALUES ('39','494439201','331713879');
INSERT INTO `Res_facility` (`Org_id`,`Min_budget`,`Priv_budget`) VALUES ('40','264820669','365916458');


--
-- INSERT PHONE_INST
--


INSERT INTO `Phone_inst` (`Number`,`Org_id`) VALUES ('2002409956','1');
INSERT INTO `Phone_inst` (`Number`,`Org_id`) VALUES ('1392072871','1');
INSERT INTO `Phone_inst` (`Number`,`Org_id`) VALUES ('6190725508','1');
INSERT INTO `Phone_inst` (`Number`,`Org_id`) VALUES ('4205698451','1');
INSERT INTO `Phone_inst` (`Number`,`Org_id`) VALUES ('0573855344','2');
INSERT INTO `Phone_inst` (`Number`,`Org_id`) VALUES ('9121058812','2');
INSERT INTO `Phone_inst` (`Number`,`Org_id`) VALUES ('2175374706','2');
INSERT INTO `Phone_inst` (`Number`,`Org_id`) VALUES ('2148504428','3');
INSERT INTO `Phone_inst` (`Number`,`Org_id`) VALUES ('1008611482','3');
INSERT INTO `Phone_inst` (`Number`,`Org_id`) VALUES ('0965977952','3');
INSERT INTO `Phone_inst` (`Number`,`Org_id`) VALUES ('8317425662','3');
INSERT INTO `Phone_inst` (`Number`,`Org_id`) VALUES ('1361414107','3');
INSERT INTO `Phone_inst` (`Number`,`Org_id`) VALUES ('7630626412','3');
INSERT INTO `Phone_inst` (`Number`,`Org_id`) VALUES ('9639185773','4');
INSERT INTO `Phone_inst` (`Number`,`Org_id`) VALUES ('8279262203','4');
INSERT INTO `Phone_inst` (`Number`,`Org_id`) VALUES ('6789474066','4');
INSERT INTO `Phone_inst` (`Number`,`Org_id`) VALUES ('8529243163','4');
INSERT INTO `Phone_inst` (`Number`,`Org_id`) VALUES ('3756573373','5');
INSERT INTO `Phone_inst` (`Number`,`Org_id`) VALUES ('8679840032','5');
INSERT INTO `Phone_inst` (`Number`,`Org_id`) VALUES ('1844986889','5');
INSERT INTO `Phone_inst` (`Number`,`Org_id`) VALUES ('0373032005','5');
INSERT INTO `Phone_inst` (`Number`,`Org_id`) VALUES ('7862354184','6');
INSERT INTO `Phone_inst` (`Number`,`Org_id`) VALUES ('5852530534','6');
INSERT INTO `Phone_inst` (`Number`,`Org_id`) VALUES ('1548654057','6');
INSERT INTO `Phone_inst` (`Number`,`Org_id`) VALUES ('2263629368','7');
INSERT INTO `Phone_inst` (`Number`,`Org_id`) VALUES ('9021215031','7');
INSERT INTO `Phone_inst` (`Number`,`Org_id`) VALUES ('5699739943','7');
INSERT INTO `Phone_inst` (`Number`,`Org_id`) VALUES ('4617433463','7');
INSERT INTO `Phone_inst` (`Number`,`Org_id`) VALUES ('3013161607','7');
INSERT INTO `Phone_inst` (`Number`,`Org_id`) VALUES ('3498695141','8');
INSERT INTO `Phone_inst` (`Number`,`Org_id`) VALUES ('1872977267','8');
INSERT INTO `Phone_inst` (`Number`,`Org_id`) VALUES ('5319005381','8');
INSERT INTO `Phone_inst` (`Number`,`Org_id`) VALUES ('3658144724','8');
INSERT INTO `Phone_inst` (`Number`,`Org_id`) VALUES ('4815671777','8');
INSERT INTO `Phone_inst` (`Number`,`Org_id`) VALUES ('7497185361','9');
INSERT INTO `Phone_inst` (`Number`,`Org_id`) VALUES ('8368544506','9');
INSERT INTO `Phone_inst` (`Number`,`Org_id`) VALUES ('1527336328','9');
INSERT INTO `Phone_inst` (`Number`,`Org_id`) VALUES ('7947479430','9');
INSERT INTO `Phone_inst` (`Number`,`Org_id`) VALUES ('0061375321','10');
INSERT INTO `Phone_inst` (`Number`,`Org_id`) VALUES ('7042925079','10');
INSERT INTO `Phone_inst` (`Number`,`Org_id`) VALUES ('6430317163','10');
INSERT INTO `Phone_inst` (`Number`,`Org_id`) VALUES ('6255974836','11');
INSERT INTO `Phone_inst` (`Number`,`Org_id`) VALUES ('4368931260','11');
INSERT INTO `Phone_inst` (`Number`,`Org_id`) VALUES ('1052170429','11');
INSERT INTO `Phone_inst` (`Number`,`Org_id`) VALUES ('1451167905','11');
INSERT INTO `Phone_inst` (`Number`,`Org_id`) VALUES ('4295891519','11');
INSERT INTO `Phone_inst` (`Number`,`Org_id`) VALUES ('4857399800','11');
INSERT INTO `Phone_inst` (`Number`,`Org_id`) VALUES ('3809989045','12');
INSERT INTO `Phone_inst` (`Number`,`Org_id`) VALUES ('8005615262','12');
INSERT INTO `Phone_inst` (`Number`,`Org_id`) VALUES ('3369925579','12');
INSERT INTO `Phone_inst` (`Number`,`Org_id`) VALUES ('4669162106','12');
INSERT INTO `Phone_inst` (`Number`,`Org_id`) VALUES ('6466279288','12');
INSERT INTO `Phone_inst` (`Number`,`Org_id`) VALUES ('9271715817','13');
INSERT INTO `Phone_inst` (`Number`,`Org_id`) VALUES ('5501083526','13');
INSERT INTO `Phone_inst` (`Number`,`Org_id`) VALUES ('9764988998','13');
INSERT INTO `Phone_inst` (`Number`,`Org_id`) VALUES ('4590746029','13');
INSERT INTO `Phone_inst` (`Number`,`Org_id`) VALUES ('1965873739','13');
INSERT INTO `Phone_inst` (`Number`,`Org_id`) VALUES ('7914519783','14');
INSERT INTO `Phone_inst` (`Number`,`Org_id`) VALUES ('6472772364','14');
INSERT INTO `Phone_inst` (`Number`,`Org_id`) VALUES ('9133132458','14');
INSERT INTO `Phone_inst` (`Number`,`Org_id`) VALUES ('1692498315','15');
INSERT INTO `Phone_inst` (`Number`,`Org_id`) VALUES ('0557727924','15');
INSERT INTO `Phone_inst` (`Number`,`Org_id`) VALUES ('6933056513','15');
INSERT INTO `Phone_inst` (`Number`,`Org_id`) VALUES ('9458222682','15');
INSERT INTO `Phone_inst` (`Number`,`Org_id`) VALUES ('3473233856','15');
INSERT INTO `Phone_inst` (`Number`,`Org_id`) VALUES ('2014794327','16');
INSERT INTO `Phone_inst` (`Number`,`Org_id`) VALUES ('5481241316','16');
INSERT INTO `Phone_inst` (`Number`,`Org_id`) VALUES ('9866828753','16');
INSERT INTO `Phone_inst` (`Number`,`Org_id`) VALUES ('2537538859','16');
INSERT INTO `Phone_inst` (`Number`,`Org_id`) VALUES ('0827504714','17');
INSERT INTO `Phone_inst` (`Number`,`Org_id`) VALUES ('2071952316','17');
INSERT INTO `Phone_inst` (`Number`,`Org_id`) VALUES ('5860012877','17');
INSERT INTO `Phone_inst` (`Number`,`Org_id`) VALUES ('0159050088','17');
INSERT INTO `Phone_inst` (`Number`,`Org_id`) VALUES ('1180751087','17');
INSERT INTO `Phone_inst` (`Number`,`Org_id`) VALUES ('5927703880','18');
INSERT INTO `Phone_inst` (`Number`,`Org_id`) VALUES ('8927591168','18');
INSERT INTO `Phone_inst` (`Number`,`Org_id`) VALUES ('6781126342','18');
INSERT INTO `Phone_inst` (`Number`,`Org_id`) VALUES ('7444115686','18');
INSERT INTO `Phone_inst` (`Number`,`Org_id`) VALUES ('9430440157','18');
INSERT INTO `Phone_inst` (`Number`,`Org_id`) VALUES ('3616467444','18');
INSERT INTO `Phone_inst` (`Number`,`Org_id`) VALUES ('4535214931','19');
INSERT INTO `Phone_inst` (`Number`,`Org_id`) VALUES ('8681343819','19');
INSERT INTO `Phone_inst` (`Number`,`Org_id`) VALUES ('3154771342','19');
INSERT INTO `Phone_inst` (`Number`,`Org_id`) VALUES ('0040089719','20');
INSERT INTO `Phone_inst` (`Number`,`Org_id`) VALUES ('2318585519','20');
INSERT INTO `Phone_inst` (`Number`,`Org_id`) VALUES ('1652930282','20');
INSERT INTO `Phone_inst` (`Number`,`Org_id`) VALUES ('7107779457','20');
INSERT INTO `Phone_inst` (`Number`,`Org_id`) VALUES ('1183123227','20');
INSERT INTO `Phone_inst` (`Number`,`Org_id`) VALUES ('5546934675','21');
INSERT INTO `Phone_inst` (`Number`,`Org_id`) VALUES ('4326278308','21');
INSERT INTO `Phone_inst` (`Number`,`Org_id`) VALUES ('2140801929','21');
INSERT INTO `Phone_inst` (`Number`,`Org_id`) VALUES ('6638508359','21');
INSERT INTO `Phone_inst` (`Number`,`Org_id`) VALUES ('5731129166','22');
INSERT INTO `Phone_inst` (`Number`,`Org_id`) VALUES ('1531860842','22');
INSERT INTO `Phone_inst` (`Number`,`Org_id`) VALUES ('5956383022','22');
INSERT INTO `Phone_inst` (`Number`,`Org_id`) VALUES ('0182215207','23');
INSERT INTO `Phone_inst` (`Number`,`Org_id`) VALUES ('1582571028','23');
INSERT INTO `Phone_inst` (`Number`,`Org_id`) VALUES ('7773269955','23');
INSERT INTO `Phone_inst` (`Number`,`Org_id`) VALUES ('4494195947','23');
INSERT INTO `Phone_inst` (`Number`,`Org_id`) VALUES ('3265072448','23');
INSERT INTO `Phone_inst` (`Number`,`Org_id`) VALUES ('3417462389','23');
INSERT INTO `Phone_inst` (`Number`,`Org_id`) VALUES ('4457626973','24');
INSERT INTO `Phone_inst` (`Number`,`Org_id`) VALUES ('7789400375','24');
INSERT INTO `Phone_inst` (`Number`,`Org_id`) VALUES ('7300519696','24');
INSERT INTO `Phone_inst` (`Number`,`Org_id`) VALUES ('7984019367','25');
INSERT INTO `Phone_inst` (`Number`,`Org_id`) VALUES ('0011472614','25');
INSERT INTO `Phone_inst` (`Number`,`Org_id`) VALUES ('8858503923','25');
INSERT INTO `Phone_inst` (`Number`,`Org_id`) VALUES ('5766286463','25');
INSERT INTO `Phone_inst` (`Number`,`Org_id`) VALUES ('6100104430','26');
INSERT INTO `Phone_inst` (`Number`,`Org_id`) VALUES ('3987993139','26');
INSERT INTO `Phone_inst` (`Number`,`Org_id`) VALUES ('7797525335','26');
INSERT INTO `Phone_inst` (`Number`,`Org_id`) VALUES ('6267446246','26');
INSERT INTO `Phone_inst` (`Number`,`Org_id`) VALUES ('8726696080','26');
INSERT INTO `Phone_inst` (`Number`,`Org_id`) VALUES ('8375493720','26');
INSERT INTO `Phone_inst` (`Number`,`Org_id`) VALUES ('3657543646','27');
INSERT INTO `Phone_inst` (`Number`,`Org_id`) VALUES ('8325834239','27');
INSERT INTO `Phone_inst` (`Number`,`Org_id`) VALUES ('0832163221','27');
INSERT INTO `Phone_inst` (`Number`,`Org_id`) VALUES ('6542789093','28');
INSERT INTO `Phone_inst` (`Number`,`Org_id`) VALUES ('7459573263','28');
INSERT INTO `Phone_inst` (`Number`,`Org_id`) VALUES ('2999137122','28');
INSERT INTO `Phone_inst` (`Number`,`Org_id`) VALUES ('1436404713','28');
INSERT INTO `Phone_inst` (`Number`,`Org_id`) VALUES ('8370006871','29');
INSERT INTO `Phone_inst` (`Number`,`Org_id`) VALUES ('9772273567','29');
INSERT INTO `Phone_inst` (`Number`,`Org_id`) VALUES ('9551975283','29');
INSERT INTO `Phone_inst` (`Number`,`Org_id`) VALUES ('9368945524','29');
INSERT INTO `Phone_inst` (`Number`,`Org_id`) VALUES ('5779237487','29');
INSERT INTO `Phone_inst` (`Number`,`Org_id`) VALUES ('7519322161','30');
INSERT INTO `Phone_inst` (`Number`,`Org_id`) VALUES ('5794459940','30');
INSERT INTO `Phone_inst` (`Number`,`Org_id`) VALUES ('8361914988','30');
INSERT INTO `Phone_inst` (`Number`,`Org_id`) VALUES ('8483380809','30');
INSERT INTO `Phone_inst` (`Number`,`Org_id`) VALUES ('7460164676','31');
INSERT INTO `Phone_inst` (`Number`,`Org_id`) VALUES ('6652732118','31');
INSERT INTO `Phone_inst` (`Number`,`Org_id`) VALUES ('1069982769','31');
INSERT INTO `Phone_inst` (`Number`,`Org_id`) VALUES ('5080346287','31');
INSERT INTO `Phone_inst` (`Number`,`Org_id`) VALUES ('5902285159','32');
INSERT INTO `Phone_inst` (`Number`,`Org_id`) VALUES ('5360351061','32');
INSERT INTO `Phone_inst` (`Number`,`Org_id`) VALUES ('1290093914','32');
INSERT INTO `Phone_inst` (`Number`,`Org_id`) VALUES ('9087741094','32');
INSERT INTO `Phone_inst` (`Number`,`Org_id`) VALUES ('2105095771','33');
INSERT INTO `Phone_inst` (`Number`,`Org_id`) VALUES ('8801871849','33');
INSERT INTO `Phone_inst` (`Number`,`Org_id`) VALUES ('5389477746','33');
INSERT INTO `Phone_inst` (`Number`,`Org_id`) VALUES ('2234535892','33');
INSERT INTO `Phone_inst` (`Number`,`Org_id`) VALUES ('9557516247','34');
INSERT INTO `Phone_inst` (`Number`,`Org_id`) VALUES ('7680248492','34');
INSERT INTO `Phone_inst` (`Number`,`Org_id`) VALUES ('3424216257','34');
INSERT INTO `Phone_inst` (`Number`,`Org_id`) VALUES ('2410981582','35');
INSERT INTO `Phone_inst` (`Number`,`Org_id`) VALUES ('3608182223','35');
INSERT INTO `Phone_inst` (`Number`,`Org_id`) VALUES ('7422840095','35');
INSERT INTO `Phone_inst` (`Number`,`Org_id`) VALUES ('1847541429','35');
INSERT INTO `Phone_inst` (`Number`,`Org_id`) VALUES ('4047766664','36');
INSERT INTO `Phone_inst` (`Number`,`Org_id`) VALUES ('1664249466','36');
INSERT INTO `Phone_inst` (`Number`,`Org_id`) VALUES ('8689552426','36');
INSERT INTO `Phone_inst` (`Number`,`Org_id`) VALUES ('6395419989','36');
INSERT INTO `Phone_inst` (`Number`,`Org_id`) VALUES ('9246471280','36');
INSERT INTO `Phone_inst` (`Number`,`Org_id`) VALUES ('4867006025','36');
INSERT INTO `Phone_inst` (`Number`,`Org_id`) VALUES ('3325941543','37');
INSERT INTO `Phone_inst` (`Number`,`Org_id`) VALUES ('6727136779','37');
INSERT INTO `Phone_inst` (`Number`,`Org_id`) VALUES ('3038860253','37');
INSERT INTO `Phone_inst` (`Number`,`Org_id`) VALUES ('7840583025','37');
INSERT INTO `Phone_inst` (`Number`,`Org_id`) VALUES ('0102219682','37');
INSERT INTO `Phone_inst` (`Number`,`Org_id`) VALUES ('0939892333','38');
INSERT INTO `Phone_inst` (`Number`,`Org_id`) VALUES ('9621015755','38');
INSERT INTO `Phone_inst` (`Number`,`Org_id`) VALUES ('9254245746','38');
INSERT INTO `Phone_inst` (`Number`,`Org_id`) VALUES ('9820738876','39');
INSERT INTO `Phone_inst` (`Number`,`Org_id`) VALUES ('7282320546','39');
INSERT INTO `Phone_inst` (`Number`,`Org_id`) VALUES ('7221167522','39');
INSERT INTO `Phone_inst` (`Number`,`Org_id`) VALUES ('9130939266','39');
INSERT INTO `Phone_inst` (`Number`,`Org_id`) VALUES ('4412012103','39');
INSERT INTO `Phone_inst` (`Number`,`Org_id`) VALUES ('3887063402','40');
INSERT INTO `Phone_inst` (`Number`,`Org_id`) VALUES ('5251534204','40');
INSERT INTO `Phone_inst` (`Number`,`Org_id`) VALUES ('9130263898','40');
INSERT INTO `Phone_inst` (`Number`,`Org_id`) VALUES ('3568956020','40');
INSERT INTO `Phone_inst` (`Number`,`Org_id`) VALUES ('4445367094','40');
INSERT INTO `Phone_inst` (`Number`,`Org_id`) VALUES ('3914063865','40');


--
-- INSERT Researcher
--


INSERT INTO `Researcher` (`Researcher_id`,`First_name`,`Last_name`,`Sex`,`Birthdate`,`Org_id`,`Start_date`) VALUES ('1','Jerry','Edwards','Male','1960-05-27','1','1982-08-17');
INSERT INTO `Researcher` (`Researcher_id`,`First_name`,`Last_name`,`Sex`,`Birthdate`,`Org_id`,`Start_date`) VALUES ('2','Thomas','Booker','Male','1956-09-14','1','2001-01-29');
INSERT INTO `Researcher` (`Researcher_id`,`First_name`,`Last_name`,`Sex`,`Birthdate`,`Org_id`,`Start_date`) VALUES ('3','Kimberly','Parker','Female','1960-06-07','1','2009-04-05');
INSERT INTO `Researcher` (`Researcher_id`,`First_name`,`Last_name`,`Sex`,`Birthdate`,`Org_id`,`Start_date`) VALUES ('4','Brad','Campbell','Male','1982-12-31','1','2017-01-24');
INSERT INTO `Researcher` (`Researcher_id`,`First_name`,`Last_name`,`Sex`,`Birthdate`,`Org_id`,`Start_date`) VALUES ('5','Jeanette','Parker','Female','1996-10-01','1','2017-12-23');
INSERT INTO `Researcher` (`Researcher_id`,`First_name`,`Last_name`,`Sex`,`Birthdate`,`Org_id`,`Start_date`) VALUES ('6','Emily','Boone','Female','1960-05-27','2','1982-08-17');
INSERT INTO `Researcher` (`Researcher_id`,`First_name`,`Last_name`,`Sex`,`Birthdate`,`Org_id`,`Start_date`) VALUES ('7','Elizabeth','Cook','Female','1985-08-10','2','2004-07-27');
INSERT INTO `Researcher` (`Researcher_id`,`First_name`,`Last_name`,`Sex`,`Birthdate`,`Org_id`,`Start_date`) VALUES ('8','Lauren','Carlson','Female','1978-12-08','2','2011-08-30');
INSERT INTO `Researcher` (`Researcher_id`,`First_name`,`Last_name`,`Sex`,`Birthdate`,`Org_id`,`Start_date`) VALUES ('9','Alex','Sanchez','Male','1993-09-29','2','2011-10-12');
INSERT INTO `Researcher` (`Researcher_id`,`First_name`,`Last_name`,`Sex`,`Birthdate`,`Org_id`,`Start_date`) VALUES ('10','Juan','Jones','Male','1982-09-20','2','2009-10-12');
INSERT INTO `Researcher` (`Researcher_id`,`First_name`,`Last_name`,`Sex`,`Birthdate`,`Org_id`,`Start_date`) VALUES ('11','Madison','Carter','Female','1960-05-27','3','1982-08-17');
INSERT INTO `Researcher` (`Researcher_id`,`First_name`,`Last_name`,`Sex`,`Birthdate`,`Org_id`,`Start_date`) VALUES ('12','Johnny','Huffman','Male','1959-05-14','3','2003-03-15');
INSERT INTO `Researcher` (`Researcher_id`,`First_name`,`Last_name`,`Sex`,`Birthdate`,`Org_id`,`Start_date`) VALUES ('13','Kathryn','Norton','Female','1954-06-29','3','1993-02-28');
INSERT INTO `Researcher` (`Researcher_id`,`First_name`,`Last_name`,`Sex`,`Birthdate`,`Org_id`,`Start_date`) VALUES ('14','Tiffany','Thompson','Female','1954-02-21','3','2014-07-03');
INSERT INTO `Researcher` (`Researcher_id`,`First_name`,`Last_name`,`Sex`,`Birthdate`,`Org_id`,`Start_date`) VALUES ('15','William','Underwood','Male','1989-04-02','3','2007-05-29');
INSERT INTO `Researcher` (`Researcher_id`,`First_name`,`Last_name`,`Sex`,`Birthdate`,`Org_id`,`Start_date`) VALUES ('16','Ashley','Robertson','Female','1960-05-27','4','1982-08-17');
INSERT INTO `Researcher` (`Researcher_id`,`First_name`,`Last_name`,`Sex`,`Birthdate`,`Org_id`,`Start_date`) VALUES ('17','Elaine','English','Female','1967-02-24','4','2006-10-06');
INSERT INTO `Researcher` (`Researcher_id`,`First_name`,`Last_name`,`Sex`,`Birthdate`,`Org_id`,`Start_date`) VALUES ('18','Thomas','Johnson','Male','1954-05-21','4','2010-05-10');
INSERT INTO `Researcher` (`Researcher_id`,`First_name`,`Last_name`,`Sex`,`Birthdate`,`Org_id`,`Start_date`) VALUES ('19','Steven','Lara','Male','1967-07-01','4','2018-05-21');
INSERT INTO `Researcher` (`Researcher_id`,`First_name`,`Last_name`,`Sex`,`Birthdate`,`Org_id`,`Start_date`) VALUES ('20','Sara','Francis','Female','1982-03-17','4','2017-01-28');
INSERT INTO `Researcher` (`Researcher_id`,`First_name`,`Last_name`,`Sex`,`Birthdate`,`Org_id`,`Start_date`) VALUES ('21','Christopher','Reynolds','Male','1960-05-27','5','1982-08-17');
INSERT INTO `Researcher` (`Researcher_id`,`First_name`,`Last_name`,`Sex`,`Birthdate`,`Org_id`,`Start_date`) VALUES ('22','Miguel','Contreras','Male','1975-12-08','5','2001-10-16');
INSERT INTO `Researcher` (`Researcher_id`,`First_name`,`Last_name`,`Sex`,`Birthdate`,`Org_id`,`Start_date`) VALUES ('23','Austin','Richmond','Male','1967-04-19','5','2018-04-17');
INSERT INTO `Researcher` (`Researcher_id`,`First_name`,`Last_name`,`Sex`,`Birthdate`,`Org_id`,`Start_date`) VALUES ('24','Joshua','Weaver','Male','1983-09-08','5','2011-07-19');
INSERT INTO `Researcher` (`Researcher_id`,`First_name`,`Last_name`,`Sex`,`Birthdate`,`Org_id`,`Start_date`) VALUES ('25','Jody','Foster','Female','1953-11-15','5','2006-07-25');
INSERT INTO `Researcher` (`Researcher_id`,`First_name`,`Last_name`,`Sex`,`Birthdate`,`Org_id`,`Start_date`) VALUES ('26','David','Johnson','Male','1960-05-27','6','1982-08-17');
INSERT INTO `Researcher` (`Researcher_id`,`First_name`,`Last_name`,`Sex`,`Birthdate`,`Org_id`,`Start_date`) VALUES ('27','Jennifer','Duncan','Female','1959-03-20','6','1998-09-23');
INSERT INTO `Researcher` (`Researcher_id`,`First_name`,`Last_name`,`Sex`,`Birthdate`,`Org_id`,`Start_date`) VALUES ('28','Henry','Taylor','Male','1995-03-28','6','2018-04-12');
INSERT INTO `Researcher` (`Researcher_id`,`First_name`,`Last_name`,`Sex`,`Birthdate`,`Org_id`,`Start_date`) VALUES ('29','David','Calderon','Male','1960-08-20','6','2017-09-08');
INSERT INTO `Researcher` (`Researcher_id`,`First_name`,`Last_name`,`Sex`,`Birthdate`,`Org_id`,`Start_date`) VALUES ('30','Jennifer','Salazar','Female','1975-01-19','6','2017-08-07');
INSERT INTO `Researcher` (`Researcher_id`,`First_name`,`Last_name`,`Sex`,`Birthdate`,`Org_id`,`Start_date`) VALUES ('31','Adrienne','Rice','Female','1960-05-27','7','1982-08-17');
INSERT INTO `Researcher` (`Researcher_id`,`First_name`,`Last_name`,`Sex`,`Birthdate`,`Org_id`,`Start_date`) VALUES ('32','Matthew','Gonzales','Male','1986-12-17','7','2011-06-03');
INSERT INTO `Researcher` (`Researcher_id`,`First_name`,`Last_name`,`Sex`,`Birthdate`,`Org_id`,`Start_date`) VALUES ('33','Monique','Allen','Female','1973-01-20','7','2002-01-26');
INSERT INTO `Researcher` (`Researcher_id`,`First_name`,`Last_name`,`Sex`,`Birthdate`,`Org_id`,`Start_date`) VALUES ('34','John','Walker','Male','1992-05-24','7','2018-11-20');
INSERT INTO `Researcher` (`Researcher_id`,`First_name`,`Last_name`,`Sex`,`Birthdate`,`Org_id`,`Start_date`) VALUES ('35','Justin','Meadows','Male','1986-10-17','7','2018-03-06');
INSERT INTO `Researcher` (`Researcher_id`,`First_name`,`Last_name`,`Sex`,`Birthdate`,`Org_id`,`Start_date`) VALUES ('36','Denise','Lucas','Female','1960-05-27','8','1982-08-17');
INSERT INTO `Researcher` (`Researcher_id`,`First_name`,`Last_name`,`Sex`,`Birthdate`,`Org_id`,`Start_date`) VALUES ('37','Andrea','Hunt','Female','1985-02-02','8','2011-05-07');
INSERT INTO `Researcher` (`Researcher_id`,`First_name`,`Last_name`,`Sex`,`Birthdate`,`Org_id`,`Start_date`) VALUES ('38','Christopher','Miranda','Male','1979-12-03','8','2012-01-07');
INSERT INTO `Researcher` (`Researcher_id`,`First_name`,`Last_name`,`Sex`,`Birthdate`,`Org_id`,`Start_date`) VALUES ('39','Emily','Schwartz','Female','1964-03-08','8','2004-11-22');
INSERT INTO `Researcher` (`Researcher_id`,`First_name`,`Last_name`,`Sex`,`Birthdate`,`Org_id`,`Start_date`) VALUES ('40','Jacob','Haynes','Male','1989-10-03','8','2019-09-18');
INSERT INTO `Researcher` (`Researcher_id`,`First_name`,`Last_name`,`Sex`,`Birthdate`,`Org_id`,`Start_date`) VALUES ('41','Kristopher','Chase','Male','1960-05-27','9','1982-08-17');
INSERT INTO `Researcher` (`Researcher_id`,`First_name`,`Last_name`,`Sex`,`Birthdate`,`Org_id`,`Start_date`) VALUES ('42','Toni','Duncan','Female','1982-04-13','9','2017-07-31');
INSERT INTO `Researcher` (`Researcher_id`,`First_name`,`Last_name`,`Sex`,`Birthdate`,`Org_id`,`Start_date`) VALUES ('43','David','Robinson','Male','1959-10-03','9','2018-11-21');
INSERT INTO `Researcher` (`Researcher_id`,`First_name`,`Last_name`,`Sex`,`Birthdate`,`Org_id`,`Start_date`) VALUES ('44','Norma','Williams','Female','1963-07-20','9','2010-02-15');
INSERT INTO `Researcher` (`Researcher_id`,`First_name`,`Last_name`,`Sex`,`Birthdate`,`Org_id`,`Start_date`) VALUES ('45','Michelle','Bailey','Female','1979-03-04','9','2009-10-11');
INSERT INTO `Researcher` (`Researcher_id`,`First_name`,`Last_name`,`Sex`,`Birthdate`,`Org_id`,`Start_date`) VALUES ('46','Christopher','Blair','Male','1960-05-27','10','1982-08-17');
INSERT INTO `Researcher` (`Researcher_id`,`First_name`,`Last_name`,`Sex`,`Birthdate`,`Org_id`,`Start_date`) VALUES ('47','Vicki','Morton','Female','1984-05-07','10','2003-10-29');
INSERT INTO `Researcher` (`Researcher_id`,`First_name`,`Last_name`,`Sex`,`Birthdate`,`Org_id`,`Start_date`) VALUES ('48','Debra','Durham','Female','1973-05-28','10','2016-05-02');
INSERT INTO `Researcher` (`Researcher_id`,`First_name`,`Last_name`,`Sex`,`Birthdate`,`Org_id`,`Start_date`) VALUES ('49','Brenda','Parsons','Female','1994-04-01','10','2022-05-04');
INSERT INTO `Researcher` (`Researcher_id`,`First_name`,`Last_name`,`Sex`,`Birthdate`,`Org_id`,`Start_date`) VALUES ('50','Mary','Graves','Female','1991-10-03','10','2016-06-13');
INSERT INTO `Researcher` (`Researcher_id`,`First_name`,`Last_name`,`Sex`,`Birthdate`,`Org_id`,`Start_date`) VALUES ('51','Thomas','Maddox','Male','1960-05-27','11','1982-08-17');
INSERT INTO `Researcher` (`Researcher_id`,`First_name`,`Last_name`,`Sex`,`Birthdate`,`Org_id`,`Start_date`) VALUES ('52','Rebekah','Hamilton','Female','1963-11-19','11','2009-06-28');
INSERT INTO `Researcher` (`Researcher_id`,`First_name`,`Last_name`,`Sex`,`Birthdate`,`Org_id`,`Start_date`) VALUES ('53','Gabriel','Martinez','Male','1967-11-08','11','1992-10-26');
INSERT INTO `Researcher` (`Researcher_id`,`First_name`,`Last_name`,`Sex`,`Birthdate`,`Org_id`,`Start_date`) VALUES ('54','Tina','Wilson','Female','1965-12-27','11','2010-10-06');
INSERT INTO `Researcher` (`Researcher_id`,`First_name`,`Last_name`,`Sex`,`Birthdate`,`Org_id`,`Start_date`) VALUES ('55','Jennifer','Wilson','Female','1989-09-22','11','2011-09-03');
INSERT INTO `Researcher` (`Researcher_id`,`First_name`,`Last_name`,`Sex`,`Birthdate`,`Org_id`,`Start_date`) VALUES ('56','David','Brady','Male','1960-05-27','12','1982-08-17');
INSERT INTO `Researcher` (`Researcher_id`,`First_name`,`Last_name`,`Sex`,`Birthdate`,`Org_id`,`Start_date`) VALUES ('57','Cheryl','Gonzales','Female','1975-10-22','12','2013-06-19');
INSERT INTO `Researcher` (`Researcher_id`,`First_name`,`Last_name`,`Sex`,`Birthdate`,`Org_id`,`Start_date`) VALUES ('58','Lori','Obrien','Female','1976-06-13','12','2010-01-25');
INSERT INTO `Researcher` (`Researcher_id`,`First_name`,`Last_name`,`Sex`,`Birthdate`,`Org_id`,`Start_date`) VALUES ('59','Daniel','Mitchell','Male','1970-09-25','12','2014-10-31');
INSERT INTO `Researcher` (`Researcher_id`,`First_name`,`Last_name`,`Sex`,`Birthdate`,`Org_id`,`Start_date`) VALUES ('60','Denise','Willis','Female','1989-09-13','12','2018-01-21');
INSERT INTO `Researcher` (`Researcher_id`,`First_name`,`Last_name`,`Sex`,`Birthdate`,`Org_id`,`Start_date`) VALUES ('61','Michael','Moody','Male','1960-05-27','13','1982-08-17');
INSERT INTO `Researcher` (`Researcher_id`,`First_name`,`Last_name`,`Sex`,`Birthdate`,`Org_id`,`Start_date`) VALUES ('62','William','Gardner','Male','1987-04-15','13','2009-09-07');
INSERT INTO `Researcher` (`Researcher_id`,`First_name`,`Last_name`,`Sex`,`Birthdate`,`Org_id`,`Start_date`) VALUES ('63','Savannah','Hammond','Female','1987-09-15','13','2018-12-06');
INSERT INTO `Researcher` (`Researcher_id`,`First_name`,`Last_name`,`Sex`,`Birthdate`,`Org_id`,`Start_date`) VALUES ('64','Janet','Campbell','Female','1990-08-11','13','2012-02-08');
INSERT INTO `Researcher` (`Researcher_id`,`First_name`,`Last_name`,`Sex`,`Birthdate`,`Org_id`,`Start_date`) VALUES ('65','Rhonda','Wilson','Female','1981-05-28','13','2001-04-24');
INSERT INTO `Researcher` (`Researcher_id`,`First_name`,`Last_name`,`Sex`,`Birthdate`,`Org_id`,`Start_date`) VALUES ('66','Joshua','Hanna','Male','1960-05-27','14','1982-08-17');
INSERT INTO `Researcher` (`Researcher_id`,`First_name`,`Last_name`,`Sex`,`Birthdate`,`Org_id`,`Start_date`) VALUES ('67','Valerie','Taylor','Female','1991-03-14','14','2018-08-18');
INSERT INTO `Researcher` (`Researcher_id`,`First_name`,`Last_name`,`Sex`,`Birthdate`,`Org_id`,`Start_date`) VALUES ('68','Kenneth','Collins','Male','1966-01-04','14','2009-07-29');
INSERT INTO `Researcher` (`Researcher_id`,`First_name`,`Last_name`,`Sex`,`Birthdate`,`Org_id`,`Start_date`) VALUES ('69','Heather','Rice','Female','1980-07-17','14','2015-01-15');
INSERT INTO `Researcher` (`Researcher_id`,`First_name`,`Last_name`,`Sex`,`Birthdate`,`Org_id`,`Start_date`) VALUES ('70','Jessica','Cole','Female','1976-09-09','14','2008-10-15');
INSERT INTO `Researcher` (`Researcher_id`,`First_name`,`Last_name`,`Sex`,`Birthdate`,`Org_id`,`Start_date`) VALUES ('71','James','Logan','Male','1960-05-27','15','1982-08-17');
INSERT INTO `Researcher` (`Researcher_id`,`First_name`,`Last_name`,`Sex`,`Birthdate`,`Org_id`,`Start_date`) VALUES ('72','Johnathan','Holland','Male','1989-01-19','15','2016-03-28');
INSERT INTO `Researcher` (`Researcher_id`,`First_name`,`Last_name`,`Sex`,`Birthdate`,`Org_id`,`Start_date`) VALUES ('73','Damon','Smith','Male','1994-11-02','15','2018-06-21');
INSERT INTO `Researcher` (`Researcher_id`,`First_name`,`Last_name`,`Sex`,`Birthdate`,`Org_id`,`Start_date`) VALUES ('74','Kyle','Keith','Male','1983-08-03','15','2021-12-30');
INSERT INTO `Researcher` (`Researcher_id`,`First_name`,`Last_name`,`Sex`,`Birthdate`,`Org_id`,`Start_date`) VALUES ('75','Jorge','Benitez','Male','1954-04-25','15','2019-10-11');
INSERT INTO `Researcher` (`Researcher_id`,`First_name`,`Last_name`,`Sex`,`Birthdate`,`Org_id`,`Start_date`) VALUES ('76','Ruben','Ortiz','Male','1960-05-27','16','1982-08-17');
INSERT INTO `Researcher` (`Researcher_id`,`First_name`,`Last_name`,`Sex`,`Birthdate`,`Org_id`,`Start_date`) VALUES ('77','Victoria','Torres','Female','1986-10-12','16','2007-04-07');
INSERT INTO `Researcher` (`Researcher_id`,`First_name`,`Last_name`,`Sex`,`Birthdate`,`Org_id`,`Start_date`) VALUES ('78','Lisa','Schmidt','Female','1980-06-26','16','2000-01-16');
INSERT INTO `Researcher` (`Researcher_id`,`First_name`,`Last_name`,`Sex`,`Birthdate`,`Org_id`,`Start_date`) VALUES ('79','April','Price','Female','1986-10-13','16','2008-03-04');
INSERT INTO `Researcher` (`Researcher_id`,`First_name`,`Last_name`,`Sex`,`Birthdate`,`Org_id`,`Start_date`) VALUES ('80','Jennifer','Callahan','Female','1981-10-02','16','2000-04-20');
INSERT INTO `Researcher` (`Researcher_id`,`First_name`,`Last_name`,`Sex`,`Birthdate`,`Org_id`,`Start_date`) VALUES ('81','Morgan','Hurst','Female','1960-05-27','17','1982-08-17');
INSERT INTO `Researcher` (`Researcher_id`,`First_name`,`Last_name`,`Sex`,`Birthdate`,`Org_id`,`Start_date`) VALUES ('82','Johnathan','Reese','Male','1977-09-10','17','2003-05-25');
INSERT INTO `Researcher` (`Researcher_id`,`First_name`,`Last_name`,`Sex`,`Birthdate`,`Org_id`,`Start_date`) VALUES ('83','Mariah','Soto','Female','1977-08-28','17','2000-06-09');
INSERT INTO `Researcher` (`Researcher_id`,`First_name`,`Last_name`,`Sex`,`Birthdate`,`Org_id`,`Start_date`) VALUES ('84','Mark','Schultz','Male','1981-08-27','17','2004-03-22');
INSERT INTO `Researcher` (`Researcher_id`,`First_name`,`Last_name`,`Sex`,`Birthdate`,`Org_id`,`Start_date`) VALUES ('85','Richard','Mathis','Male','1979-04-10','17','2007-11-26');
INSERT INTO `Researcher` (`Researcher_id`,`First_name`,`Last_name`,`Sex`,`Birthdate`,`Org_id`,`Start_date`) VALUES ('86','Robin','Jacobs','Female','1960-05-27','18','1982-08-17');
INSERT INTO `Researcher` (`Researcher_id`,`First_name`,`Last_name`,`Sex`,`Birthdate`,`Org_id`,`Start_date`) VALUES ('87','Dennis','Erickson','Male','1982-05-07','18','2000-12-08');
INSERT INTO `Researcher` (`Researcher_id`,`First_name`,`Last_name`,`Sex`,`Birthdate`,`Org_id`,`Start_date`) VALUES ('88','Kimberly','Hernandez','Female','1980-04-04','18','2000-12-20');
INSERT INTO `Researcher` (`Researcher_id`,`First_name`,`Last_name`,`Sex`,`Birthdate`,`Org_id`,`Start_date`) VALUES ('89','Kari','Mcdonald','Female','1981-10-01','18','2002-08-10');
INSERT INTO `Researcher` (`Researcher_id`,`First_name`,`Last_name`,`Sex`,`Birthdate`,`Org_id`,`Start_date`) VALUES ('90','Jordan','Garner','Male','1982-01-19','18','2005-07-24');
INSERT INTO `Researcher` (`Researcher_id`,`First_name`,`Last_name`,`Sex`,`Birthdate`,`Org_id`,`Start_date`) VALUES ('91','Heather','Sandoval','Female','1960-05-27','19','1982-08-17');
INSERT INTO `Researcher` (`Researcher_id`,`First_name`,`Last_name`,`Sex`,`Birthdate`,`Org_id`,`Start_date`) VALUES ('92','Katie','Shah','Female','1974-04-28','19','2009-04-18');
INSERT INTO `Researcher` (`Researcher_id`,`First_name`,`Last_name`,`Sex`,`Birthdate`,`Org_id`,`Start_date`) VALUES ('93','Jennifer','Barker','Female','1984-08-25','19','2006-07-14');
INSERT INTO `Researcher` (`Researcher_id`,`First_name`,`Last_name`,`Sex`,`Birthdate`,`Org_id`,`Start_date`) VALUES ('94','Christine','Clark','Female','1954-01-07','19','2003-01-07');
INSERT INTO `Researcher` (`Researcher_id`,`First_name`,`Last_name`,`Sex`,`Birthdate`,`Org_id`,`Start_date`) VALUES ('95','Debra','Jones','Female','1978-09-18','19','2008-05-24');
INSERT INTO `Researcher` (`Researcher_id`,`First_name`,`Last_name`,`Sex`,`Birthdate`,`Org_id`,`Start_date`) VALUES ('96','Joseph','Richardson','Male','1960-05-27','20','1982-08-17');
INSERT INTO `Researcher` (`Researcher_id`,`First_name`,`Last_name`,`Sex`,`Birthdate`,`Org_id`,`Start_date`) VALUES ('97','Nancy','Jackson','Female','1969-12-30','20','1996-02-07');
INSERT INTO `Researcher` (`Researcher_id`,`First_name`,`Last_name`,`Sex`,`Birthdate`,`Org_id`,`Start_date`) VALUES ('98','Michelle','Briggs','Female','1969-08-28','20','2017-03-31');
INSERT INTO `Researcher` (`Researcher_id`,`First_name`,`Last_name`,`Sex`,`Birthdate`,`Org_id`,`Start_date`) VALUES ('99','Leonard','Hall','Male','1987-02-15','20','2012-03-28');
INSERT INTO `Researcher` (`Researcher_id`,`First_name`,`Last_name`,`Sex`,`Birthdate`,`Org_id`,`Start_date`) VALUES ('100','Christopher','Clarke','Male','1993-08-16','20','2018-12-19');
INSERT INTO `Researcher` (`Researcher_id`,`First_name`,`Last_name`,`Sex`,`Birthdate`,`Org_id`,`Start_date`) VALUES ('101','Gary','Walker','Male','1960-05-27','21','1982-08-17');
INSERT INTO `Researcher` (`Researcher_id`,`First_name`,`Last_name`,`Sex`,`Birthdate`,`Org_id`,`Start_date`) VALUES ('102','Marcus','Stewart','Male','1953-08-17','21','2005-12-02');
INSERT INTO `Researcher` (`Researcher_id`,`First_name`,`Last_name`,`Sex`,`Birthdate`,`Org_id`,`Start_date`) VALUES ('103','Philip','Floyd','Male','1962-05-18','21','1993-08-09');
INSERT INTO `Researcher` (`Researcher_id`,`First_name`,`Last_name`,`Sex`,`Birthdate`,`Org_id`,`Start_date`) VALUES ('104','Lori','Martin','Female','1963-04-25','21','2007-07-26');
INSERT INTO `Researcher` (`Researcher_id`,`First_name`,`Last_name`,`Sex`,`Birthdate`,`Org_id`,`Start_date`) VALUES ('105','Dennis','Rose','Male','1986-11-12','21','2019-05-20');
INSERT INTO `Researcher` (`Researcher_id`,`First_name`,`Last_name`,`Sex`,`Birthdate`,`Org_id`,`Start_date`) VALUES ('106','Charles','Baldwin','Male','1960-05-27','22','1982-08-17');
INSERT INTO `Researcher` (`Researcher_id`,`First_name`,`Last_name`,`Sex`,`Birthdate`,`Org_id`,`Start_date`) VALUES ('107','Paul','Allen','Male','1967-06-04','22','2013-11-11');
INSERT INTO `Researcher` (`Researcher_id`,`First_name`,`Last_name`,`Sex`,`Birthdate`,`Org_id`,`Start_date`) VALUES ('108','Nathan','Torres','Male','1987-07-26','22','2013-03-27');
INSERT INTO `Researcher` (`Researcher_id`,`First_name`,`Last_name`,`Sex`,`Birthdate`,`Org_id`,`Start_date`) VALUES ('109','Jennifer','Vasquez','Female','1967-08-07','22','2010-03-24');
INSERT INTO `Researcher` (`Researcher_id`,`First_name`,`Last_name`,`Sex`,`Birthdate`,`Org_id`,`Start_date`) VALUES ('110','Cody','Brown','Male','1996-07-16','22','2014-10-19');
INSERT INTO `Researcher` (`Researcher_id`,`First_name`,`Last_name`,`Sex`,`Birthdate`,`Org_id`,`Start_date`) VALUES ('111','Stacy','Robinson','Female','1960-05-27','23','1982-08-17');
INSERT INTO `Researcher` (`Researcher_id`,`First_name`,`Last_name`,`Sex`,`Birthdate`,`Org_id`,`Start_date`) VALUES ('112','Michael','Briggs','Male','1991-08-06','23','2015-01-23');
INSERT INTO `Researcher` (`Researcher_id`,`First_name`,`Last_name`,`Sex`,`Birthdate`,`Org_id`,`Start_date`) VALUES ('113','Melissa','Davis','Female','1997-04-24','23','2020-09-04');
INSERT INTO `Researcher` (`Researcher_id`,`First_name`,`Last_name`,`Sex`,`Birthdate`,`Org_id`,`Start_date`) VALUES ('114','Jon','Gray','Male','1981-06-02','23','2001-06-01');
INSERT INTO `Researcher` (`Researcher_id`,`First_name`,`Last_name`,`Sex`,`Birthdate`,`Org_id`,`Start_date`) VALUES ('115','David','Wilkins','Male','1972-09-23','23','1996-09-04');
INSERT INTO `Researcher` (`Researcher_id`,`First_name`,`Last_name`,`Sex`,`Birthdate`,`Org_id`,`Start_date`) VALUES ('116','Lauren','Lewis','Female','1960-05-27','24','1982-08-17');
INSERT INTO `Researcher` (`Researcher_id`,`First_name`,`Last_name`,`Sex`,`Birthdate`,`Org_id`,`Start_date`) VALUES ('117','Erin','Watkins','Female','1955-08-22','24','2002-10-29');
INSERT INTO `Researcher` (`Researcher_id`,`First_name`,`Last_name`,`Sex`,`Birthdate`,`Org_id`,`Start_date`) VALUES ('118','Zachary','Williams','Male','1957-03-22','24','2021-08-12');
INSERT INTO `Researcher` (`Researcher_id`,`First_name`,`Last_name`,`Sex`,`Birthdate`,`Org_id`,`Start_date`) VALUES ('119','Scott','Flores','Male','1957-08-12','24','2002-12-18');
INSERT INTO `Researcher` (`Researcher_id`,`First_name`,`Last_name`,`Sex`,`Birthdate`,`Org_id`,`Start_date`) VALUES ('120','Kevin','Ellison','Male','1972-09-05','24','2017-09-17');
INSERT INTO `Researcher` (`Researcher_id`,`First_name`,`Last_name`,`Sex`,`Birthdate`,`Org_id`,`Start_date`) VALUES ('121','Sheryl','Blake','Female','1960-05-27','25','1982-08-17');
INSERT INTO `Researcher` (`Researcher_id`,`First_name`,`Last_name`,`Sex`,`Birthdate`,`Org_id`,`Start_date`) VALUES ('122','Thomas','Smith','Male','1990-11-08','25','2013-02-23');
INSERT INTO `Researcher` (`Researcher_id`,`First_name`,`Last_name`,`Sex`,`Birthdate`,`Org_id`,`Start_date`) VALUES ('123','Mary','Brown','Female','1961-04-13','25','1992-09-09');
INSERT INTO `Researcher` (`Researcher_id`,`First_name`,`Last_name`,`Sex`,`Birthdate`,`Org_id`,`Start_date`) VALUES ('124','Beverly','Ford','Female','1990-07-26','25','2009-03-18');
INSERT INTO `Researcher` (`Researcher_id`,`First_name`,`Last_name`,`Sex`,`Birthdate`,`Org_id`,`Start_date`) VALUES ('125','Susan','Johnson','Female','1992-08-07','25','2014-04-20');
INSERT INTO `Researcher` (`Researcher_id`,`First_name`,`Last_name`,`Sex`,`Birthdate`,`Org_id`,`Start_date`) VALUES ('126','Sara','Williams','Female','1960-05-27','26','1982-08-17');
INSERT INTO `Researcher` (`Researcher_id`,`First_name`,`Last_name`,`Sex`,`Birthdate`,`Org_id`,`Start_date`) VALUES ('127','Autumn','Davis','Female','1964-01-31','26','2020-07-27');
INSERT INTO `Researcher` (`Researcher_id`,`First_name`,`Last_name`,`Sex`,`Birthdate`,`Org_id`,`Start_date`) VALUES ('128','Marcia','Garner','Female','1994-10-20','26','2021-06-17');
INSERT INTO `Researcher` (`Researcher_id`,`First_name`,`Last_name`,`Sex`,`Birthdate`,`Org_id`,`Start_date`) VALUES ('129','Ryan','Alvarado','Male','1954-12-16','26','2005-04-06');
INSERT INTO `Researcher` (`Researcher_id`,`First_name`,`Last_name`,`Sex`,`Birthdate`,`Org_id`,`Start_date`) VALUES ('130','Mark','Montes','Male','1966-01-18','26','2004-03-16');
INSERT INTO `Researcher` (`Researcher_id`,`First_name`,`Last_name`,`Sex`,`Birthdate`,`Org_id`,`Start_date`) VALUES ('131','Dana','Brown','Female','1960-05-27','27','1982-08-17');
INSERT INTO `Researcher` (`Researcher_id`,`First_name`,`Last_name`,`Sex`,`Birthdate`,`Org_id`,`Start_date`) VALUES ('132','Leslie','Bailey','Female','1991-06-06','27','2020-11-24');
INSERT INTO `Researcher` (`Researcher_id`,`First_name`,`Last_name`,`Sex`,`Birthdate`,`Org_id`,`Start_date`) VALUES ('133','Kristina','Boyd','Female','1981-11-15','27','2019-12-29');
INSERT INTO `Researcher` (`Researcher_id`,`First_name`,`Last_name`,`Sex`,`Birthdate`,`Org_id`,`Start_date`) VALUES ('134','Heather','Gutierrez','Female','1965-08-14','27','2009-02-25');
INSERT INTO `Researcher` (`Researcher_id`,`First_name`,`Last_name`,`Sex`,`Birthdate`,`Org_id`,`Start_date`) VALUES ('135','Spencer','Coleman','Male','1959-07-08','27','2015-01-23');
INSERT INTO `Researcher` (`Researcher_id`,`First_name`,`Last_name`,`Sex`,`Birthdate`,`Org_id`,`Start_date`) VALUES ('136','Michelle','Paul','Female','1960-05-27','28','1982-08-17');
INSERT INTO `Researcher` (`Researcher_id`,`First_name`,`Last_name`,`Sex`,`Birthdate`,`Org_id`,`Start_date`) VALUES ('137','Paul','King','Male','1986-09-18','28','2021-09-20');
INSERT INTO `Researcher` (`Researcher_id`,`First_name`,`Last_name`,`Sex`,`Birthdate`,`Org_id`,`Start_date`) VALUES ('138','Amy','Davis','Female','1953-07-31','28','2003-06-22');
INSERT INTO `Researcher` (`Researcher_id`,`First_name`,`Last_name`,`Sex`,`Birthdate`,`Org_id`,`Start_date`) VALUES ('139','John','Wood','Male','1994-01-24','28','2018-11-27');
INSERT INTO `Researcher` (`Researcher_id`,`First_name`,`Last_name`,`Sex`,`Birthdate`,`Org_id`,`Start_date`) VALUES ('140','Jennifer','Zimmerman','Female','1971-07-23','28','1993-01-06');
INSERT INTO `Researcher` (`Researcher_id`,`First_name`,`Last_name`,`Sex`,`Birthdate`,`Org_id`,`Start_date`) VALUES ('141','Alexander','Warren','Male','1960-05-27','29','1982-08-17');
INSERT INTO `Researcher` (`Researcher_id`,`First_name`,`Last_name`,`Sex`,`Birthdate`,`Org_id`,`Start_date`) VALUES ('142','Robert','Miller','Male','1974-09-18','29','2020-04-24');
INSERT INTO `Researcher` (`Researcher_id`,`First_name`,`Last_name`,`Sex`,`Birthdate`,`Org_id`,`Start_date`) VALUES ('143','James','Oconnor','Male','1990-09-29','29','2022-01-22');
INSERT INTO `Researcher` (`Researcher_id`,`First_name`,`Last_name`,`Sex`,`Birthdate`,`Org_id`,`Start_date`) VALUES ('144','Beverly','Norton','Female','1961-08-10','29','2003-12-10');
INSERT INTO `Researcher` (`Researcher_id`,`First_name`,`Last_name`,`Sex`,`Birthdate`,`Org_id`,`Start_date`) VALUES ('145','Scott','Torres','Male','1981-08-14','29','2006-11-12');
INSERT INTO `Researcher` (`Researcher_id`,`First_name`,`Last_name`,`Sex`,`Birthdate`,`Org_id`,`Start_date`) VALUES ('146','David','Grant','Male','1960-05-27','30','1982-08-17');
INSERT INTO `Researcher` (`Researcher_id`,`First_name`,`Last_name`,`Sex`,`Birthdate`,`Org_id`,`Start_date`) VALUES ('147','George','Bowers','Male','1958-12-21','30','2020-11-26');
INSERT INTO `Researcher` (`Researcher_id`,`First_name`,`Last_name`,`Sex`,`Birthdate`,`Org_id`,`Start_date`) VALUES ('148','Lauren','Garcia','Female','1978-03-20','30','2014-11-06');
INSERT INTO `Researcher` (`Researcher_id`,`First_name`,`Last_name`,`Sex`,`Birthdate`,`Org_id`,`Start_date`) VALUES ('149','Joan','Travis','Female','1975-10-23','30','2022-04-24');
INSERT INTO `Researcher` (`Researcher_id`,`First_name`,`Last_name`,`Sex`,`Birthdate`,`Org_id`,`Start_date`) VALUES ('150','Ruben','Haynes','Male','1988-10-08','30','2015-01-04');
INSERT INTO `Researcher` (`Researcher_id`,`First_name`,`Last_name`,`Sex`,`Birthdate`,`Org_id`,`Start_date`) VALUES ('151','Stephanie','Decker','Female','1960-05-27','31','1982-08-17');
INSERT INTO `Researcher` (`Researcher_id`,`First_name`,`Last_name`,`Sex`,`Birthdate`,`Org_id`,`Start_date`) VALUES ('152','Christopher','Wood','Male','1956-11-08','31','2017-01-31');
INSERT INTO `Researcher` (`Researcher_id`,`First_name`,`Last_name`,`Sex`,`Birthdate`,`Org_id`,`Start_date`) VALUES ('153','Brent','Reed','Male','1955-02-28','31','1995-04-14');
INSERT INTO `Researcher` (`Researcher_id`,`First_name`,`Last_name`,`Sex`,`Birthdate`,`Org_id`,`Start_date`) VALUES ('154','Amanda','Briggs','Female','1961-06-18','31','1998-03-05');
INSERT INTO `Researcher` (`Researcher_id`,`First_name`,`Last_name`,`Sex`,`Birthdate`,`Org_id`,`Start_date`) VALUES ('155','Emily','Evans','Female','1963-09-29','31','2010-09-18');
INSERT INTO `Researcher` (`Researcher_id`,`First_name`,`Last_name`,`Sex`,`Birthdate`,`Org_id`,`Start_date`) VALUES ('156','Erika','Goodman','Female','1960-05-27','32','1982-08-17');
INSERT INTO `Researcher` (`Researcher_id`,`First_name`,`Last_name`,`Sex`,`Birthdate`,`Org_id`,`Start_date`) VALUES ('157','Joseph','Hernandez','Male','1975-01-07','32','2013-06-10');
INSERT INTO `Researcher` (`Researcher_id`,`First_name`,`Last_name`,`Sex`,`Birthdate`,`Org_id`,`Start_date`) VALUES ('158','Erika','Murphy','Female','1986-11-01','32','2013-07-09');
INSERT INTO `Researcher` (`Researcher_id`,`First_name`,`Last_name`,`Sex`,`Birthdate`,`Org_id`,`Start_date`) VALUES ('159','William','Castillo','Male','1977-06-17','32','2006-12-27');
INSERT INTO `Researcher` (`Researcher_id`,`First_name`,`Last_name`,`Sex`,`Birthdate`,`Org_id`,`Start_date`) VALUES ('160','Timothy','Booker','Male','1975-07-26','32','1997-06-10');
INSERT INTO `Researcher` (`Researcher_id`,`First_name`,`Last_name`,`Sex`,`Birthdate`,`Org_id`,`Start_date`) VALUES ('161','Timothy','Nielsen','Male','1960-05-27','33','1982-08-17');
INSERT INTO `Researcher` (`Researcher_id`,`First_name`,`Last_name`,`Sex`,`Birthdate`,`Org_id`,`Start_date`) VALUES ('162','Brandy','Mills','Female','1993-07-06','33','2019-10-29');
INSERT INTO `Researcher` (`Researcher_id`,`First_name`,`Last_name`,`Sex`,`Birthdate`,`Org_id`,`Start_date`) VALUES ('163','Willie','Bowers','Male','1961-08-15','33','2012-02-19');
INSERT INTO `Researcher` (`Researcher_id`,`First_name`,`Last_name`,`Sex`,`Birthdate`,`Org_id`,`Start_date`) VALUES ('164','Paul','Ward','Male','1989-12-01','33','2021-01-07');
INSERT INTO `Researcher` (`Researcher_id`,`First_name`,`Last_name`,`Sex`,`Birthdate`,`Org_id`,`Start_date`) VALUES ('165','Maria','Powell','Female','1959-07-04','33','2003-04-25');
INSERT INTO `Researcher` (`Researcher_id`,`First_name`,`Last_name`,`Sex`,`Birthdate`,`Org_id`,`Start_date`) VALUES ('166','Veronica','Patel','Female','1960-05-27','34','1982-08-17');
INSERT INTO `Researcher` (`Researcher_id`,`First_name`,`Last_name`,`Sex`,`Birthdate`,`Org_id`,`Start_date`) VALUES ('167','Charles','Mcdaniel','Male','1957-05-23','34','2005-05-04');
INSERT INTO `Researcher` (`Researcher_id`,`First_name`,`Last_name`,`Sex`,`Birthdate`,`Org_id`,`Start_date`) VALUES ('168','Susan','Lopez','Female','1962-06-08','34','2020-08-04');
INSERT INTO `Researcher` (`Researcher_id`,`First_name`,`Last_name`,`Sex`,`Birthdate`,`Org_id`,`Start_date`) VALUES ('169','Monica','Williams','Female','1960-12-01','34','2004-01-01');
INSERT INTO `Researcher` (`Researcher_id`,`First_name`,`Last_name`,`Sex`,`Birthdate`,`Org_id`,`Start_date`) VALUES ('170','Joshua','Baker','Male','1960-03-19','34','2013-05-02');
INSERT INTO `Researcher` (`Researcher_id`,`First_name`,`Last_name`,`Sex`,`Birthdate`,`Org_id`,`Start_date`) VALUES ('171','Dennis','Chen','Male','1960-05-27','35','1982-08-17');
INSERT INTO `Researcher` (`Researcher_id`,`First_name`,`Last_name`,`Sex`,`Birthdate`,`Org_id`,`Start_date`) VALUES ('172','Blake','Jones','Male','1957-08-17','35','2011-10-28');
INSERT INTO `Researcher` (`Researcher_id`,`First_name`,`Last_name`,`Sex`,`Birthdate`,`Org_id`,`Start_date`) VALUES ('173','Mason','Thompson','Male','1989-11-09','35','2011-08-30');
INSERT INTO `Researcher` (`Researcher_id`,`First_name`,`Last_name`,`Sex`,`Birthdate`,`Org_id`,`Start_date`) VALUES ('174','Alison','Richardson','Female','1990-12-04','35','2010-04-25');
INSERT INTO `Researcher` (`Researcher_id`,`First_name`,`Last_name`,`Sex`,`Birthdate`,`Org_id`,`Start_date`) VALUES ('175','Michael','Campbell','Male','1970-07-24','35','2004-10-25');
INSERT INTO `Researcher` (`Researcher_id`,`First_name`,`Last_name`,`Sex`,`Birthdate`,`Org_id`,`Start_date`) VALUES ('176','Kyle','Glenn','Male','1960-05-27','36','1982-08-17');
INSERT INTO `Researcher` (`Researcher_id`,`First_name`,`Last_name`,`Sex`,`Birthdate`,`Org_id`,`Start_date`) VALUES ('177','Jessica','Lowe','Female','1988-10-07','36','2008-09-16');
INSERT INTO `Researcher` (`Researcher_id`,`First_name`,`Last_name`,`Sex`,`Birthdate`,`Org_id`,`Start_date`) VALUES ('178','Tony','Yates','Male','1983-07-24','36','2010-12-28');
INSERT INTO `Researcher` (`Researcher_id`,`First_name`,`Last_name`,`Sex`,`Birthdate`,`Org_id`,`Start_date`) VALUES ('179','Robin','Bolton','Female','1959-09-28','36','2019-03-07');
INSERT INTO `Researcher` (`Researcher_id`,`First_name`,`Last_name`,`Sex`,`Birthdate`,`Org_id`,`Start_date`) VALUES ('180','Dakota','Francis','Male','1955-07-11','36','2020-07-26');
INSERT INTO `Researcher` (`Researcher_id`,`First_name`,`Last_name`,`Sex`,`Birthdate`,`Org_id`,`Start_date`) VALUES ('181','Jose','Tucker','Male','1960-05-27','37','1982-08-17');
INSERT INTO `Researcher` (`Researcher_id`,`First_name`,`Last_name`,`Sex`,`Birthdate`,`Org_id`,`Start_date`) VALUES ('182','Sonya','Hogan','Female','1994-03-04','37','2012-06-02');
INSERT INTO `Researcher` (`Researcher_id`,`First_name`,`Last_name`,`Sex`,`Birthdate`,`Org_id`,`Start_date`) VALUES ('183','Andrew','Rosales','Male','1958-08-25','37','2006-06-22');
INSERT INTO `Researcher` (`Researcher_id`,`First_name`,`Last_name`,`Sex`,`Birthdate`,`Org_id`,`Start_date`) VALUES ('184','Cheryl','Evans','Female','1960-03-29','37','2020-07-05');
INSERT INTO `Researcher` (`Researcher_id`,`First_name`,`Last_name`,`Sex`,`Birthdate`,`Org_id`,`Start_date`) VALUES ('185','Aaron','Wilson','Male','1955-02-18','37','1998-10-18');
INSERT INTO `Researcher` (`Researcher_id`,`First_name`,`Last_name`,`Sex`,`Birthdate`,`Org_id`,`Start_date`) VALUES ('186','Stacy','Burgess','Female','1960-05-27','38','1982-08-17');
INSERT INTO `Researcher` (`Researcher_id`,`First_name`,`Last_name`,`Sex`,`Birthdate`,`Org_id`,`Start_date`) VALUES ('187','Kimberly','Cardenas','Female','1992-05-04','38','2017-07-02');
INSERT INTO `Researcher` (`Researcher_id`,`First_name`,`Last_name`,`Sex`,`Birthdate`,`Org_id`,`Start_date`) VALUES ('188','Jennifer','Soto','Female','1963-06-09','38','1996-05-02');
INSERT INTO `Researcher` (`Researcher_id`,`First_name`,`Last_name`,`Sex`,`Birthdate`,`Org_id`,`Start_date`) VALUES ('189','Eric','Hunter','Male','1983-02-04','38','2006-10-16');
INSERT INTO `Researcher` (`Researcher_id`,`First_name`,`Last_name`,`Sex`,`Birthdate`,`Org_id`,`Start_date`) VALUES ('190','Krista','Bray','Female','1968-11-02','38','1997-10-23');
INSERT INTO `Researcher` (`Researcher_id`,`First_name`,`Last_name`,`Sex`,`Birthdate`,`Org_id`,`Start_date`) VALUES ('191','Mallory','Vang','Female','1960-05-27','39','1982-08-17');
INSERT INTO `Researcher` (`Researcher_id`,`First_name`,`Last_name`,`Sex`,`Birthdate`,`Org_id`,`Start_date`) VALUES ('192','Kylie','Richardson','Female','1978-02-25','39','2014-08-16');
INSERT INTO `Researcher` (`Researcher_id`,`First_name`,`Last_name`,`Sex`,`Birthdate`,`Org_id`,`Start_date`) VALUES ('193','Timothy','Woodard','Male','1972-06-01','39','2011-02-14');
INSERT INTO `Researcher` (`Researcher_id`,`First_name`,`Last_name`,`Sex`,`Birthdate`,`Org_id`,`Start_date`) VALUES ('194','Steven','Buckley','Male','1969-08-27','39','2016-08-12');
INSERT INTO `Researcher` (`Researcher_id`,`First_name`,`Last_name`,`Sex`,`Birthdate`,`Org_id`,`Start_date`) VALUES ('195','James','Marshall','Male','1984-11-14','39','2013-07-26');
INSERT INTO `Researcher` (`Researcher_id`,`First_name`,`Last_name`,`Sex`,`Birthdate`,`Org_id`,`Start_date`) VALUES ('196','Jacqueline','Curry','Female','1960-05-27','40','1982-08-17');
INSERT INTO `Researcher` (`Researcher_id`,`First_name`,`Last_name`,`Sex`,`Birthdate`,`Org_id`,`Start_date`) VALUES ('197','George','Bryant','Male','1996-10-12','40','2017-06-24');
INSERT INTO `Researcher` (`Researcher_id`,`First_name`,`Last_name`,`Sex`,`Birthdate`,`Org_id`,`Start_date`) VALUES ('198','Heather','Perry','Female','1955-02-08','40','1993-04-30');
INSERT INTO `Researcher` (`Researcher_id`,`First_name`,`Last_name`,`Sex`,`Birthdate`,`Org_id`,`Start_date`) VALUES ('199','Carolyn','Green','Female','1953-02-15','40','2019-03-05');
INSERT INTO `Researcher` (`Researcher_id`,`First_name`,`Last_name`,`Sex`,`Birthdate`,`Org_id`,`Start_date`) VALUES ('200','Kevin','Mitchell','Male','1972-07-09','40','2017-02-13');


--
-- INSERT Project (automated)
--


INSERT INTO `Project` (`Project_id`,`Title`,`Summary`,`Funding_amount`,`Start_date`,`Finish_date`,`Program_id`,`Executive_id`,`Org_id`,`Researcher_id_sup`,`Researcher_id_eval`,`Eval_date`,`Eval_grade`) VALUES ('68','Project Lobster_I','This project is about the use of a new technology called 3D printing to create a prosthetic hand. The hand will be designed using a 3D modeling program called Blender.','187786','2021-04-14','2023-08-30','5','20','19','91','11','2020-07-23','7.8');
INSERT INTO `Project` (`Project_id`,`Title`,`Summary`,`Funding_amount`,`Start_date`,`Finish_date`,`Program_id`,`Executive_id`,`Org_id`,`Researcher_id_sup`,`Researcher_id_eval`,`Eval_date`,`Eval_grade`) VALUES ('69','Project Blaufuchs_1','This project is about the development of a new method for the analysis of protein-protein interactions in vivo. This method is based on the use of the split ubiquitin system, which consists of two parts: the first part is the ubiquitin ligase E3, and the second part is the ubiquitin-binding domain (UBA) of the E2 ubiquitin-conjugating enzyme.','992307','2021-01-07','2023-06-18','30','8','19','91','49','2020-10-20','7.7');
INSERT INTO `Project` (`Project_id`,`Title`,`Summary`,`Funding_amount`,`Start_date`,`Finish_date`,`Program_id`,`Executive_id`,`Org_id`,`Researcher_id_sup`,`Researcher_id_eval`,`Eval_date`,`Eval_grade`) VALUES ('70','Project Pastorius','This project is about creating a new type of robot, the Multi-Robot System, which will be able to work together to complete a complex task. The robots will be able to learn and adapt to the task and environment.','516536','2021-11-16','2023-11-17','6','11','19','91','57','2021-03-02','5.8');
INSERT INTO `Project` (`Project_id`,`Title`,`Summary`,`Funding_amount`,`Start_date`,`Finish_date`,`Program_id`,`Executive_id`,`Org_id`,`Researcher_id_sup`,`Researcher_id_eval`,`Eval_date`,`Eval_grade`) VALUES ('71','Project Teardrop','This project is about the development of a new approach to the design of a computer-based learning system. The project is based on the idea of using computer-based learning to facilitate the learning process of the students.','611669','2021-02-13','2023-08-08','7','4','20','96','56','2020-12-10','8.8');
INSERT INTO `Project` (`Project_id`,`Title`,`Summary`,`Funding_amount`,`Start_date`,`Finish_date`,`Program_id`,`Executive_id`,`Org_id`,`Researcher_id_sup`,`Researcher_id_eval`,`Eval_date`,`Eval_grade`) VALUES ('72','Project Crimson','This project is about the creation of a new generation of game controllers for the PC. The goal is to make game controllers that are easy to use and offer a great experience for the players.','659996','2020-11-12','2023-08-12','14','4','20','96','38','2020-08-15','6.7');
INSERT INTO `Project` (`Project_id`,`Title`,`Summary`,`Funding_amount`,`Start_date`,`Finish_date`,`Program_id`,`Executive_id`,`Org_id`,`Researcher_id_sup`,`Researcher_id_eval`,`Eval_date`,`Eval_grade`) VALUES ('73','Project Seagull_II','This project is about the development of a new kind of portable, modular, and sustainable solar-powered home. This is a project that is about living in the future, and about how we can live in a sustainable way in the future.','360273','2021-04-06','2023-06-22','13','18','20','96','1','2021-01-09','6.2');
INSERT INTO `Project` (`Project_id`,`Title`,`Summary`,`Funding_amount`,`Start_date`,`Finish_date`,`Program_id`,`Executive_id`,`Org_id`,`Researcher_id_sup`,`Researcher_id_eval`,`Eval_date`,`Eval_grade`) VALUES ('74','Project Matterhorn','This project is about creating a new type of vehicle that is more fuel efficient and can be used in urban areas. The vehicle is a hybrid of a motorcycle and a bicycle and has a unique steering mechanism. It is intended to be used as a personal vehicle for commuting, touring and recreational purposes.','560086','2020-08-07','2022-11-04','19','1','21','101','4','2019-09-01','9.0');
INSERT INTO `Project` (`Project_id`,`Title`,`Summary`,`Funding_amount`,`Start_date`,`Finish_date`,`Program_id`,`Executive_id`,`Org_id`,`Researcher_id_sup`,`Researcher_id_eval`,`Eval_date`,`Eval_grade`) VALUES ('75','Project Alacrity','This project is about the development of a new generation of high-power laser systems for use in the aerospace industry. The laser systems will be based on the use of the CO2 laser.','735046','2020-11-05','2023-01-21','8','9','21','101','27','2020-01-02','6.1');
INSERT INTO `Project` (`Project_id`,`Title`,`Summary`,`Funding_amount`,`Start_date`,`Finish_date`,`Program_id`,`Executive_id`,`Org_id`,`Researcher_id_sup`,`Researcher_id_eval`,`Eval_date`,`Eval_grade`) VALUES ('76','Project Ikarus','This project is about the development of a new kind of robot, which is able to autonomously explore a space and explore the objects in the space. The robot has to learn the environment by itself, and then it has to learn how to interact with the objects.','398615','2021-12-17','2023-04-07','5','18','21','101','26','2020-12-27','6.7');
INSERT INTO `Project` (`Project_id`,`Title`,`Summary`,`Funding_amount`,`Start_date`,`Finish_date`,`Program_id`,`Executive_id`,`Org_id`,`Researcher_id_sup`,`Researcher_id_eval`,`Eval_date`,`Eval_grade`) VALUES ('77','Project Musketoon','This project is about the development of a new type of engine for the future of the automotive industry. It is based on the concept of a modular engine, which is designed to be easily replaceable and upgradable.','714190','2020-12-11','2023-08-03','25','9','22','106','58','2020-02-09','10.0');
INSERT INTO `Project` (`Project_id`,`Title`,`Summary`,`Funding_amount`,`Start_date`,`Finish_date`,`Program_id`,`Executive_id`,`Org_id`,`Researcher_id_sup`,`Researcher_id_eval`,`Eval_date`,`Eval_grade`) VALUES ('78','Project Nordseetour','This project is about the development of a new generation of low-cost, high-performance, and highly-integrated semiconductor devices, and the integration of these devices with the existing silicon-based technology.','947935','2022-01-20','2023-12-27','28','6','22','106','70','2021-02-27','7.2');
INSERT INTO `Project` (`Project_id`,`Title`,`Summary`,`Funding_amount`,`Start_date`,`Finish_date`,`Program_id`,`Executive_id`,`Org_id`,`Researcher_id_sup`,`Researcher_id_eval`,`Eval_date`,`Eval_grade`) VALUES ('79','Project Wieniec','This project is about the development of a new kind of microscope. It is based on a new technology called "optical microscopy on a chip" which is a new technology for the fabrication of microscopes.','540366','2021-10-15','2023-04-09','28','4','23','111','27','2021-07-22','8.6');
INSERT INTO `Project` (`Project_id`,`Title`,`Summary`,`Funding_amount`,`Start_date`,`Finish_date`,`Program_id`,`Executive_id`,`Org_id`,`Researcher_id_sup`,`Researcher_id_eval`,`Eval_date`,`Eval_grade`) VALUES ('80','Project Postmaster','This project is about the development of a new kind of solar cell based on the use of semiconductor nanocrystals (NCs).','501873','2022-03-08','2023-05-12','7','10','23','111','14','2021-03-09','5.1');
INSERT INTO `Project` (`Project_id`,`Title`,`Summary`,`Funding_amount`,`Start_date`,`Finish_date`,`Program_id`,`Executive_id`,`Org_id`,`Researcher_id_sup`,`Researcher_id_eval`,`Eval_date`,`Eval_grade`) VALUES ('81','Project Dukedom','This project is about the development of a new kind of architecture, one that is responsive, flexible and economical. It is about how we can use the technology of the 21st century to make buildings that are more human, more humane, more beautiful and more sustainable.','696963','2021-04-26','2022-09-04','24','1','24','116','70','2020-12-19','6.8');
INSERT INTO `Project` (`Project_id`,`Title`,`Summary`,`Funding_amount`,`Start_date`,`Finish_date`,`Program_id`,`Executive_id`,`Org_id`,`Researcher_id_sup`,`Researcher_id_eval`,`Eval_date`,`Eval_grade`) VALUES ('82','Project Blaufuchs_2','This project is about the development of a new kind of search engine, based on a new kind of distributed database. The project is called Lucene.','898035','2021-07-29','2023-10-18','24','5','25','121','10','2020-10-21','8.2');
INSERT INTO `Project` (`Project_id`,`Title`,`Summary`,`Funding_amount`,`Start_date`,`Finish_date`,`Program_id`,`Executive_id`,`Org_id`,`Researcher_id_sup`,`Researcher_id_eval`,`Eval_date`,`Eval_grade`) VALUES ('83','Project Osoaviakhim','This project is about the use of the FPGA to implement a programmable analog circuit. The circuit is a digital-to-analog converter (DAC) that can be used for audio applications. The DAC is based on a current-steering architecture.','491881','2021-04-21','2022-09-01','19','10','25','121','56','2020-09-02','8.2');
INSERT INTO `Project` (`Project_id`,`Title`,`Summary`,`Funding_amount`,`Start_date`,`Finish_date`,`Program_id`,`Executive_id`,`Org_id`,`Researcher_id_sup`,`Researcher_id_eval`,`Eval_date`,`Eval_grade`) VALUES ('84','Project Alpha','This project is about creating a self-sufficient and self-sustainable community. It is about creating a community where people can live and work and be happy.','810161','2021-10-17','2023-02-05','12','17','25','121','42','2021-10-11','5.0');


--
-- INSERT Project (org_id = 16)
--


INSERT INTO `Project` (`Project_id`,`Title`,`Summary`,`Funding_amount`,`Start_date`,`Finish_date`,`Program_id`,`Executive_id`,`Org_id`,`Researcher_id_sup`,`Researcher_id_eval`,`Eval_date`,`Eval_grade`) VALUES ('1','Project Catechism','This project is about exploring a new way of presenting text based on music. We use a technique called Musica Locomotiva, which means moving music. It is a system of presenting text to the listener through the listening experience of the music. We use it to create a playful and musical text that uses an interactive visual interface that helps the user navigate through the story.','379482','2020-03-01','2023-09-10','22','4','16','76','49','2019-04-05','8.5');
INSERT INTO `Project` (`Project_id`,`Title`,`Summary`,`Funding_amount`,`Start_date`,`Finish_date`,`Program_id`,`Executive_id`,`Org_id`,`Researcher_id_sup`,`Researcher_id_eval`,`Eval_date`,`Eval_grade`) VALUES ('2','Project Tabarin','This project is about the construction of a 1:1 scale replica of the inside of the London Underground','460552','2020-03-01','2023-09-10','30','18','16','76','63','2019-04-05','9.9');
INSERT INTO `Project` (`Project_id`,`Title`,`Summary`,`Funding_amount`,`Start_date`,`Finish_date`,`Program_id`,`Executive_id`,`Org_id`,`Researcher_id_sup`,`Researcher_id_eval`,`Eval_date`,`Eval_grade`) VALUES ('3','Project Thursday','This project is about developing a creative, innovative and engaging approach to teaching and learning within a Scottish Higher Education institution. This approach is about a journey of discovery, a journey that will not only challenge the status quo, but also provide a mechanism for developing the skills, confidence and awareness of the students as they interact and develop their learning outcomes.','658388','2020-03-01','2023-09-10','8','3','16','76','6','2019-04-05','5.5');
INSERT INTO `Project` (`Project_id`,`Title`,`Summary`,`Funding_amount`,`Start_date`,`Finish_date`,`Program_id`,`Executive_id`,`Org_id`,`Researcher_id_sup`,`Researcher_id_eval`,`Eval_date`,`Eval_grade`) VALUES ('4','Project Juno','This project is about the study of the individual and collective memory of the Spanish Civil War (1936-1939) and the current political crisis. It is based on the study of the relation between the past, the present and the future, and on the idea that memory shapes the way in which we perceive ourselves, our societies and the world we live in.','239478','2020-03-01','2023-09-10','6','6','16','76','69','2019-04-05','6.3');
INSERT INTO `Project` (`Project_id`,`Title`,`Summary`,`Funding_amount`,`Start_date`,`Finish_date`,`Program_id`,`Executive_id`,`Org_id`,`Researcher_id_sup`,`Researcher_id_eval`,`Eval_date`,`Eval_grade`) VALUES ('5','Project Safehaven','This project is about developing a set of web services in PHP 5.4 for personal use and then turning them into a web application.','381028','2020-03-01','2023-09-10','25','11','16','76','65','2019-04-05','6.6');
INSERT INTO `Project` (`Project_id`,`Title`,`Summary`,`Funding_amount`,`Start_date`,`Finish_date`,`Program_id`,`Executive_id`,`Org_id`,`Researcher_id_sup`,`Researcher_id_eval`,`Eval_date`,`Eval_grade`) VALUES ('6','Project Tannenberg','This project is about designing and building a low-cost, high-performance, solid-state, battery-powered Arduino-based data acquisition system for biomedical research. It was created by a team of researchers from MIT, Harvard, and the US Army Research Lab. The device will be designed to be used in the field, and thus must be robust and durable, and have a low cost.','485989','2020-03-01','2023-09-10','11','11','16','76','15','2019-04-05','6.8');
INSERT INTO `Project` (`Project_id`,`Title`,`Summary`,`Funding_amount`,`Start_date`,`Finish_date`,`Program_id`,`Executive_id`,`Org_id`,`Researcher_id_sup`,`Researcher_id_eval`,`Eval_date`,`Eval_grade`) VALUES ('7','Project Countenance','This project is about the risks and benefits of some of the new ways of learning that have emerged in recent years, and some of the new ways of teaching that have emerged in recent years.','346614','2020-03-01','2023-09-10','28','20','16','76','63','2019-04-05','5.8');
INSERT INTO `Project` (`Project_id`,`Title`,`Summary`,`Funding_amount`,`Start_date`,`Finish_date`,`Program_id`,`Executive_id`,`Org_id`,`Researcher_id_sup`,`Researcher_id_eval`,`Eval_date`,`Eval_grade`) VALUES ('8','Project Alsos','This project is about the design of an innovative controller that uses a 3D printed circuit board to process the different sensory inputs from a VR headset and provide an easy to use interface for users.','708129','2020-03-01','2023-09-10','18','4','16','76','42','2019-04-05','5.2');
INSERT INTO `Project` (`Project_id`,`Title`,`Summary`,`Funding_amount`,`Start_date`,`Finish_date`,`Program_id`,`Executive_id`,`Org_id`,`Researcher_id_sup`,`Researcher_id_eval`,`Eval_date`,`Eval_grade`) VALUES ('9','Project Carpetbagger','This project is about creating a game development, cloud and JOBB conference simulators to learn and practice basic game concepts and algorithms.','526349','2020-03-01','2023-09-10','3','13','16','76','19','2019-04-05','5.8');
INSERT INTO `Project` (`Project_id`,`Title`,`Summary`,`Funding_amount`,`Start_date`,`Finish_date`,`Program_id`,`Executive_id`,`Org_id`,`Researcher_id_sup`,`Researcher_id_eval`,`Eval_date`,`Eval_grade`) VALUES ('10','Project Downfall','This project is about the development of Web Applications (from HTML / Javascript to NodeJS) and how to combine them (without scaffolding like AngularJS or ReactJS) with Roles to authenticate users and permissions on them (roles and restrictions of users / organizations). ','457456','2020-03-01','2023-09-10','4','20','16','76','49','2019-04-05','5.4');
INSERT INTO `Project` (`Project_id`,`Title`,`Summary`,`Funding_amount`,`Start_date`,`Finish_date`,`Program_id`,`Executive_id`,`Org_id`,`Researcher_id_sup`,`Researcher_id_eval`,`Eval_date`,`Eval_grade`) VALUES ('11','Project Menace','This project is about my ongoing attempt to implement an audio graph in Pure Data. The project is all about blending, mapping, and object morphing and running inside a chain loader.','698507','2021-03-21','2024-09-10','18','8','16','76','73','2020-04-05','5.5');
INSERT INTO `Project` (`Project_id`,`Title`,`Summary`,`Funding_amount`,`Start_date`,`Finish_date`,`Program_id`,`Executive_id`,`Org_id`,`Researcher_id_sup`,`Researcher_id_eval`,`Eval_date`,`Eval_grade`) VALUES ('12','Project Jaywick','This project is about Hadoop and was funded with research funds in areas including mathematics, computer science, and electrical engineering.','379680','2021-03-21','2024-09-10','12','10','16','76','73','2020-04-05','8.4');
INSERT INTO `Project` (`Project_id`,`Title`,`Summary`,`Funding_amount`,`Start_date`,`Finish_date`,`Program_id`,`Executive_id`,`Org_id`,`Researcher_id_sup`,`Researcher_id_eval`,`Eval_date`,`Eval_grade`) VALUES ('13','Project Transom','This project is about taking the information that we need to make sure we dont have heart disease, and making sure that we have this information right up on our doorsteps so that we can make better decisions about health and about preventive care.','219869','2021-03-21','2024-09-10','15','9','16','76','14','2020-04-05','10.0');
INSERT INTO `Project` (`Project_id`,`Title`,`Summary`,`Funding_amount`,`Start_date`,`Finish_date`,`Program_id`,`Executive_id`,`Org_id`,`Researcher_id_sup`,`Researcher_id_eval`,`Eval_date`,`Eval_grade`) VALUES ('14','Project Collie','This project is about how to represent information. More specifically, it is about representing text to machines. Not only how to represent text to machines, but also how to interpret it.','147974','2021-03-21','2024-09-10','27','10','16','76','2','2020-04-05','8.9');
INSERT INTO `Project` (`Project_id`,`Title`,`Summary`,`Funding_amount`,`Start_date`,`Finish_date`,`Program_id`,`Executive_id`,`Org_id`,`Researcher_id_sup`,`Researcher_id_eval`,`Eval_date`,`Eval_grade`) VALUES ('15','Project Eiche','This project is about creating an eponymous type class which gives the user the ability to extend a variadic type function template with any desired arguments.','802977','2021-03-21','2024-09-10','1','3','16','76','53','2020-04-05','5.7');
INSERT INTO `Project` (`Project_id`,`Title`,`Summary`,`Funding_amount`,`Start_date`,`Finish_date`,`Program_id`,`Executive_id`,`Org_id`,`Researcher_id_sup`,`Researcher_id_eval`,`Eval_date`,`Eval_grade`) VALUES ('16','Project Catapult',"This project is about creating the best single wheeled urban bicycle to see if there's any market for it. We would only work on a very small run, because we are not promoting it, we are not licensing it, it is only something we would really like to create for the sake of it.",'966249','2021-03-21','2024-09-10','29','2','16','76','25','2020-04-05','6.5');
INSERT INTO `Project` (`Project_id`,`Title`,`Summary`,`Funding_amount`,`Start_date`,`Finish_date`,`Program_id`,`Executive_id`,`Org_id`,`Researcher_id_sup`,`Researcher_id_eval`,`Eval_date`,`Eval_grade`) VALUES ('17','Project Barbarossa','This project is about branding a number of applications that focus on providing useful, stable and privacy-preserving ways to enhance a users experience with the Web.','923669','2021-03-21','2024-09-10','19','14','16','76','21','2020-04-05','5.7');
INSERT INTO `Project` (`Project_id`,`Title`,`Summary`,`Funding_amount`,`Start_date`,`Finish_date`,`Program_id`,`Executive_id`,`Org_id`,`Researcher_id_sup`,`Researcher_id_eval`,`Eval_date`,`Eval_grade`) VALUES ('18','Project Surgeon','This project is about an infinite map engine that updates multiple types of maps (such as Road, Terrain, Planar, OGL) simultaneously at different speeds, while providing an API that provides very good performance, has low CPU/GPU overhead, and has been highly optimized with OGL.','572811','2021-03-21','2024-09-10','6','8','16','76','21','2020-04-05','9.7');
INSERT INTO `Project` (`Project_id`,`Title`,`Summary`,`Funding_amount`,`Start_date`,`Finish_date`,`Program_id`,`Executive_id`,`Org_id`,`Researcher_id_sup`,`Researcher_id_eval`,`Eval_date`,`Eval_grade`) VALUES ('19','Project Franz','This project is about a teaching module (read play) called The Two-Factor Attack. Its as much about political change as a valuable resource for nonprofit organizations and non-profit hackers, including public libraries.','986066','2021-03-21','2024-09-10','4','14','16','76','49','2020-04-05','8.4');
INSERT INTO `Project` (`Project_id`,`Title`,`Summary`,`Funding_amount`,`Start_date`,`Finish_date`,`Program_id`,`Executive_id`,`Org_id`,`Researcher_id_sup`,`Researcher_id_eval`,`Eval_date`,`Eval_grade`) VALUES ('20','Project Longcloth','This project is about realtime collaboration (also an easy-to-setup basic sandbox with pipelining), with a layered approach.','958102','2021-03-21','2024-09-10','10','18','16','76','33','2020-04-05','9.5');
INSERT INTO `Project` (`Project_id`,`Title`,`Summary`,`Funding_amount`,`Start_date`,`Finish_date`,`Program_id`,`Executive_id`,`Org_id`,`Researcher_id_sup`,`Researcher_id_eval`,`Eval_date`,`Eval_grade`) VALUES ('21','Project Kutschera','This project is about user-centered design that is focused on an individual and their environment.','600181','2019-12-01','2023-07-14','11','4','16','76','27','2019-04-15','9.1');
INSERT INTO `Project` (`Project_id`,`Title`,`Summary`,`Funding_amount`,`Start_date`,`Finish_date`,`Program_id`,`Executive_id`,`Org_id`,`Researcher_id_sup`,`Researcher_id_eval`,`Eval_date`,`Eval_grade`) VALUES ('22','Project Doppelschlag','This project is about the design and implementation of a small, low-cost, low-power, and easy-to-use single-board computer, based on the Atmel SAM3X8E ARM Cortex M3 processor.','432835','2019-12-01','2023-07-14','2','1','16','76','2','2019-04-15','10.0');
INSERT INTO `Project` (`Project_id`,`Title`,`Summary`,`Funding_amount`,`Start_date`,`Finish_date`,`Program_id`,`Executive_id`,`Org_id`,`Researcher_id_sup`,`Researcher_id_eval`,`Eval_date`,`Eval_grade`) VALUES ('23','Project Manna','This project is about the design of a new type of solar-powered aircraft. The project is based on the design of the Solar Impulse, a solar-powered aircraft that has been flying around the world since 2010.','409906','2019-12-01','2023-07-14','24','20','16','76','41','2019-04-15','7.8');


--
-- INSERT Project (org_id = 17)
--


INSERT INTO `Project` (`Project_id`,`Title`,`Summary`,`Funding_amount`,`Start_date`,`Finish_date`,`Program_id`,`Executive_id`,`Org_id`,`Researcher_id_sup`,`Researcher_id_eval`,`Eval_date`,`Eval_grade`) VALUES ('24','Project Tempest','This project is about the development of a new type of high-speed, low-cost, low-power, and high-precision position sensor for use in a variety of applications.','510275','2020-06-01','2023-01-10','11','13','17','81','9','2019-09-05','5.4');
INSERT INTO `Project` (`Project_id`,`Title`,`Summary`,`Funding_amount`,`Start_date`,`Finish_date`,`Program_id`,`Executive_id`,`Org_id`,`Researcher_id_sup`,`Researcher_id_eval`,`Eval_date`,`Eval_grade`) VALUES ('25','Project Wunderland','This project is about the design and development of a new kind of mobile phone.','432765','2020-06-01','2023-01-10','20','15','17','81','15','2019-09-05','6.6');
INSERT INTO `Project` (`Project_id`,`Title`,`Summary`,`Funding_amount`,`Start_date`,`Finish_date`,`Program_id`,`Executive_id`,`Org_id`,`Researcher_id_sup`,`Researcher_id_eval`,`Eval_date`,`Eval_grade`) VALUES ('26','Project Sizilien','This project is about the design of a new type of solar cell that can be applied to the roofs of buildings. The solar cells are designed to be flexible, and can be easily installed on the roofs of buildings. ','325646','2020-06-01','2023-01-10','26','20','17','81','70','2019-09-05','9.4');
INSERT INTO `Project` (`Project_id`,`Title`,`Summary`,`Funding_amount`,`Start_date`,`Finish_date`,`Program_id`,`Executive_id`,`Org_id`,`Researcher_id_sup`,`Researcher_id_eval`,`Eval_date`,`Eval_grade`) VALUES ('27','Project Peking','This project is about the development of a new type of robot, which is based on the idea of a human-like robot. The robot is designed to be a companion for people, and to be able to perform various tasks. The robot will be able to interact with people, and to learn from them.','591698','2020-06-01','2023-01-10','22','12','17','81','34','2019-09-05','6.1');
INSERT INTO `Project` (`Project_id`,`Title`,`Summary`,`Funding_amount`,`Start_date`,`Finish_date`,`Program_id`,`Executive_id`,`Org_id`,`Researcher_id_sup`,`Researcher_id_eval`,`Eval_date`,`Eval_grade`) VALUES ('28','Project Ruthless','This project is about creating a new form of digital currency that is decentralized, secure, and private. The project is called "BitCoin" and is a digital currency that is based on the blockchain technology.','667911','2020-06-01','2023-01-10','7','10','17','81','26','2019-09-05','6.5');
INSERT INTO `Project` (`Project_id`,`Title`,`Summary`,`Funding_amount`,`Start_date`,`Finish_date`,`Program_id`,`Executive_id`,`Org_id`,`Researcher_id_sup`,`Researcher_id_eval`,`Eval_date`,`Eval_grade`) VALUES ('29','Project Drumbeat','This project is about the creation of a new type of energy that will be used to power our homes, our cars, and our cities.','477973','2020-06-01','2023-01-10','3','9','17','81','12','2019-09-05','9.8');
INSERT INTO `Project` (`Project_id`,`Title`,`Summary`,`Funding_amount`,`Start_date`,`Finish_date`,`Program_id`,`Executive_id`,`Org_id`,`Researcher_id_sup`,`Researcher_id_eval`,`Eval_date`,`Eval_grade`) VALUES ('30','Project Wilfred','This project is about the development of a novel class of light-responsive materials that can be used to control the growth of cells and tissues.','569659','2020-06-01','2023-01-10','3','19','17','81','44','2019-09-05','6.4');
INSERT INTO `Project` (`Project_id`,`Title`,`Summary`,`Funding_amount`,`Start_date`,`Finish_date`,`Program_id`,`Executive_id`,`Org_id`,`Researcher_id_sup`,`Researcher_id_eval`,`Eval_date`,`Eval_grade`) VALUES ('31','Project Stella_Polaris','This project is about the development of a new type of electric vehicle. The project is based on the concept of a micro-car, which is a small, fuel-efficient vehicle that is capable of carrying one or two passengers. The micro-car is intended to be a low-cost, environmentally friendly alternative to the current range of vehicles on the market.','509446','2020-06-01','2023-01-10','10','2','17','81','42','2019-09-05','6.1');
INSERT INTO `Project` (`Project_id`,`Title`,`Summary`,`Funding_amount`,`Start_date`,`Finish_date`,`Program_id`,`Executive_id`,`Org_id`,`Researcher_id_sup`,`Researcher_id_eval`,`Eval_date`,`Eval_grade`) VALUES ('32','Project Rimau','This project is about the development of a new generation of smart, low-cost, and easy-to-use devices for the detection and quantification of the presence of specific molecules in a sample. The devices are based on the use of a new class of nanomaterials, namely, nanocrystals (NCs).','432120','2020-06-01','2023-01-10','26','19','17','81','39','2019-09-05','6.5');
INSERT INTO `Project` (`Project_id`,`Title`,`Summary`,`Funding_amount`,`Start_date`,`Finish_date`,`Program_id`,`Executive_id`,`Org_id`,`Researcher_id_sup`,`Researcher_id_eval`,`Eval_date`,`Eval_grade`) VALUES ('33','Project Birke','This project is about the development of a new type of self-propelled robot. This robot is designed to be used as a tool in the exploration of the moon and other planets.','450573','2020-06-01','2023-01-10','4','18','17','81','75','2019-09-05','8.8');
INSERT INTO `Project` (`Project_id`,`Title`,`Summary`,`Funding_amount`,`Start_date`,`Finish_date`,`Program_id`,`Executive_id`,`Org_id`,`Researcher_id_sup`,`Researcher_id_eval`,`Eval_date`,`Eval_grade`) VALUES ('34','Project Silberfuchs','This project is about the development of a new generation of high-performance, low-cost, and easy-to-use micro-electro-mechanical systems (MEMS) sensors for the detection of chemical and biological agents.','196515','2021-03-01','2024-02-10','8','8','17','81','3','2021-02-05','6.5');
INSERT INTO `Project` (`Project_id`,`Title`,`Summary`,`Funding_amount`,`Start_date`,`Finish_date`,`Program_id`,`Executive_id`,`Org_id`,`Researcher_id_sup`,`Researcher_id_eval`,`Eval_date`,`Eval_grade`) VALUES ('35','Project Belt','This project is about the construction of a new community center in the heart of the community.','521290','2021-03-01','2024-02-10','3','9','17','81','71','2021-02-05','5.4');
INSERT INTO `Project` (`Project_id`,`Title`,`Summary`,`Funding_amount`,`Start_date`,`Finish_date`,`Program_id`,`Executive_id`,`Org_id`,`Researcher_id_sup`,`Researcher_id_eval`,`Eval_date`,`Eval_grade`) VALUES ('36','Project Dracula','This project is about building a machine learning pipeline to classify cancer cells based on their genotype.','864589','2021-03-01','2024-02-10','3','1','17','81','2','2021-02-05','6.8');
INSERT INTO `Project` (`Project_id`,`Title`,`Summary`,`Funding_amount`,`Start_date`,`Finish_date`,`Program_id`,`Executive_id`,`Org_id`,`Researcher_id_sup`,`Researcher_id_eval`,`Eval_date`,`Eval_grade`) VALUES ('37','Project Market_Garden','This project is about the development of a new type of smartwatch that is capable of providing a wide range of health-related information. The smartwatch will be able to monitor the users heart rate, blood pressure, body temperature, and other vital signs.','887196','2021-03-01','2024-02-10','26','12','17','81','64','2021-02-05','8.0');
INSERT INTO `Project` (`Project_id`,`Title`,`Summary`,`Funding_amount`,`Start_date`,`Finish_date`,`Program_id`,`Executive_id`,`Org_id`,`Researcher_id_sup`,`Researcher_id_eval`,`Eval_date`,`Eval_grade`) VALUES ('38','Project Margarethe','This project is about the creation of a new type of material that is made of a single material, but which can be made to change its properties by changing the amount of water it contains. This is a very simple example, but the potential applications are endless.','261669','2021-03-01','2024-02-10','4','17','17','81','42','2021-02-05','5.4');
INSERT INTO `Project` (`Project_id`,`Title`,`Summary`,`Funding_amount`,`Start_date`,`Finish_date`,`Program_id`,`Executive_id`,`Org_id`,`Researcher_id_sup`,`Researcher_id_eval`,`Eval_date`,`Eval_grade`) VALUES ('39','Project Leader','This project is about the design of a small, portable, and inexpensive system for the detection of biological warfare agents.','634008','2021-03-01','2024-02-10','22','6','17','81','23','2021-02-05','9.9');
INSERT INTO `Project` (`Project_id`,`Title`,`Summary`,`Funding_amount`,`Start_date`,`Finish_date`,`Program_id`,`Executive_id`,`Org_id`,`Researcher_id_sup`,`Researcher_id_eval`,`Eval_date`,`Eval_grade`) VALUES ('40','Project Gaff','This project is about the development of a new type of low-cost, low-power, and high-performance CMOS sensor for use in digital cameras.','256828','2021-03-01','2024-02-10','5','11','17','81','40','2021-02-05','5.6');
INSERT INTO `Project` (`Project_id`,`Title`,`Summary`,`Funding_amount`,`Start_date`,`Finish_date`,`Program_id`,`Executive_id`,`Org_id`,`Researcher_id_sup`,`Researcher_id_eval`,`Eval_date`,`Eval_grade`) VALUES ('41','Project Compass','This project is about the use of the OpenStreetMap data for a virtual reality project.','843780','2021-03-01','2024-02-10','17','20','17','81','38','2021-02-05','5.8');
INSERT INTO `Project` (`Project_id`,`Title`,`Summary`,`Funding_amount`,`Start_date`,`Finish_date`,`Program_id`,`Executive_id`,`Org_id`,`Researcher_id_sup`,`Researcher_id_eval`,`Eval_date`,`Eval_grade`) VALUES ('42','Project Anthropoid','This project is about the development of an integrated system for the analysis of the human body and its environment. The system consists of a mobile robot, a mobile computer, and a set of sensors.','316783','2021-03-01','2024-02-10','5','18','17','81','5','2021-02-05','9.9');
INSERT INTO `Project` (`Project_id`,`Title`,`Summary`,`Funding_amount`,`Start_date`,`Finish_date`,`Program_id`,`Executive_id`,`Org_id`,`Researcher_id_sup`,`Researcher_id_eval`,`Eval_date`,`Eval_grade`) VALUES ('43','Project Struggle','This project is about creating a new type of music, with the goal of bringing together musicians from different backgrounds and creating a new type of sound.','431422','2021-03-01','2024-02-10','27','20','17','81','71','2021-02-05','9.7');
INSERT INTO `Project` (`Project_id`,`Title`,`Summary`,`Funding_amount`,`Start_date`,`Finish_date`,`Program_id`,`Executive_id`,`Org_id`,`Researcher_id_sup`,`Researcher_id_eval`,`Eval_date`,`Eval_grade`) VALUES ('44','Project Rentier','This project is about the relationship between the ideas of the artist and the ideas of the viewer. It is about the idea that the viewer can be an active participant in the creation of art, and that the viewer can change the world through their own actions.','823092','2022-03-01','2023-12-10','7','6','17','81','39','2021-09-05','7.7');
INSERT INTO `Project` (`Project_id`,`Title`,`Summary`,`Funding_amount`,`Start_date`,`Finish_date`,`Program_id`,`Executive_id`,`Org_id`,`Researcher_id_sup`,`Researcher_id_eval`,`Eval_date`,`Eval_grade`) VALUES ('45','Project Claymore','This project is about the creation of a new, sustainable, and affordable housing development in the heart of the city of San Francisco.','663601','2022-03-01','2023-12-10','6','2','17','81','32','2021-09-05','6.6');


--
-- INSERT Project (org_id = 18)
--


INSERT INTO `Project` (`Project_id`,`Title`,`Summary`,`Funding_amount`,`Start_date`,`Finish_date`,`Program_id`,`Executive_id`,`Org_id`,`Researcher_id_sup`,`Researcher_id_eval`,`Eval_date`,`Eval_grade`) VALUES ('46','Project Venona','This project is about the construction of a three-dimensional model of the surface of the Earth in the form of a sphere. It is based on the use of a stereoscopic camera and a 3D-printer.','915557','2021-01-25','2025-01-05','3','15','18','86','56','2020-12-05','8.5');
INSERT INTO `Project` (`Project_id`,`Title`,`Summary`,`Funding_amount`,`Start_date`,`Finish_date`,`Program_id`,`Executive_id`,`Org_id`,`Researcher_id_sup`,`Researcher_id_eval`,`Eval_date`,`Eval_grade`) VALUES ('47','Project Josephine_B','This project is about the creation of a virtual reality game, using the Oculus Rift DK2 and Unity3D.','362374','2021-01-25','2025-01-05','18','15','18','86','69','2020-12-05','7.9');
INSERT INTO `Project` (`Project_id`,`Title`,`Summary`,`Funding_amount`,`Start_date`,`Finish_date`,`Program_id`,`Executive_id`,`Org_id`,`Researcher_id_sup`,`Researcher_id_eval`,`Eval_date`,`Eval_grade`) VALUES ('48','Project Bodden','This project is about the development of a new approach to the design of the next generation of high-performance, low-cost, and lightweight aircraft.','111394','2021-01-25','2025-01-05','13','11','18','86','22','2020-12-05','6.6');
INSERT INTO `Project` (`Project_id`,`Title`,`Summary`,`Funding_amount`,`Start_date`,`Finish_date`,`Program_id`,`Executive_id`,`Org_id`,`Researcher_id_sup`,`Researcher_id_eval`,`Eval_date`,`Eval_grade`) VALUES ('49','Project Deadlight','This project is about the impact of a new transportation system on the quality of life in the community.','609380','2021-01-25','2025-01-05','1','14','18','86','74','2020-12-05','5.1');
INSERT INTO `Project` (`Project_id`,`Title`,`Summary`,`Funding_amount`,`Start_date`,`Finish_date`,`Program_id`,`Executive_id`,`Org_id`,`Researcher_id_sup`,`Researcher_id_eval`,`Eval_date`,`Eval_grade`) VALUES ('50','Project Big_Bang','This project is about the design and implementation of a secure and scalable blockchain based on the Ethereum protocol. The blockchain will be used to manage the assets of a company that will be called the Blockchain Company.','165348','2021-01-25','2025-01-05','23','12','18','86','75','2020-12-05','5.8');
INSERT INTO `Project` (`Project_id`,`Title`,`Summary`,`Funding_amount`,`Start_date`,`Finish_date`,`Program_id`,`Executive_id`,`Org_id`,`Researcher_id_sup`,`Researcher_id_eval`,`Eval_date`,`Eval_grade`) VALUES ('51','Project Bagration','This project is about the creation of a new, free and open source, online platform for the global community to collaborate on the development of a new, global standard for the exchange of financial information.','722378','2021-01-25','2025-01-05','5','5','18','86','34','2020-12-05','6.7');
INSERT INTO `Project` (`Project_id`,`Title`,`Summary`,`Funding_amount`,`Start_date`,`Finish_date`,`Program_id`,`Executive_id`,`Org_id`,`Researcher_id_sup`,`Researcher_id_eval`,`Eval_date`,`Eval_grade`) VALUES ('52','Project Sabre','This project is about the use of a simple, low-cost, and easy to use, portable, and non-invasive system for measuring the temperature of the human body. The system is based on a sensor, a microcontroller, a power supply, and a display.','517120','2021-01-25','2025-01-05','19','13','18','86','23','2020-12-05','8.9');
INSERT INTO `Project` (`Project_id`,`Title`,`Summary`,`Funding_amount`,`Start_date`,`Finish_date`,`Program_id`,`Executive_id`,`Org_id`,`Researcher_id_sup`,`Researcher_id_eval`,`Eval_date`,`Eval_grade`) VALUES ('53','Project Whale','This project is about the development of a new type of transportation system for the future, which is based on the concept of "electro-magnetic" propulsion.','193582','2021-01-25','2025-01-05','8','16','18','86','1','2020-12-05','6.1');
INSERT INTO `Project` (`Project_id`,`Title`,`Summary`,`Funding_amount`,`Start_date`,`Finish_date`,`Program_id`,`Executive_id`,`Org_id`,`Researcher_id_sup`,`Researcher_id_eval`,`Eval_date`,`Eval_grade`) VALUES ('54','Project Caesar','This project is about creating a new type of energy efficient lighting system, which will be able to generate electricity from the heat of the sun.','654383','2021-01-25','2025-01-05','11','17','18','86','57','2020-12-05','9.3');
INSERT INTO `Project` (`Project_id`,`Title`,`Summary`,`Funding_amount`,`Start_date`,`Finish_date`,`Program_id`,`Executive_id`,`Org_id`,`Researcher_id_sup`,`Researcher_id_eval`,`Eval_date`,`Eval_grade`) VALUES ('55','Project Magic_Carpet','This project is about the development of a new type of material that can be used in the construction of buildings. This material is a composite of a polymer, a natural fibrous material, and a mineral filler.','770156','2021-01-25','2025-01-05','24','8','18','86','31','2020-12-05','7.0');
INSERT INTO `Project` (`Project_id`,`Title`,`Summary`,`Funding_amount`,`Start_date`,`Finish_date`,`Program_id`,`Executive_id`,`Org_id`,`Researcher_id_sup`,`Researcher_id_eval`,`Eval_date`,`Eval_grade`) VALUES ('56','Project Hokki','This project is about the process of making the first prototype of the Reality-Generator, a device that generates 3D models of real objects.','619120','2021-01-25','2025-01-05','22','16','18','86','29','2020-12-05','9.5');
INSERT INTO `Project` (`Project_id`,`Title`,`Summary`,`Funding_amount`,`Start_date`,`Finish_date`,`Program_id`,`Executive_id`,`Org_id`,`Researcher_id_sup`,`Researcher_id_eval`,`Eval_date`,`Eval_grade`) VALUES ('57','Project Pamphlet','This project is about creating a new kind of computer. It is not a new kind of computer that will replace the current computers. It is a new kind of computer that will be a more flexible, powerful, and affordable computer.','532271','2022-04-01','2024-09-10','11','18','18','86','36','2021-06-05','9.1');
INSERT INTO `Project` (`Project_id`,`Title`,`Summary`,`Funding_amount`,`Start_date`,`Finish_date`,`Program_id`,`Executive_id`,`Org_id`,`Researcher_id_sup`,`Researcher_id_eval`,`Eval_date`,`Eval_grade`) VALUES ('58','Project Source','This project is about the development of a new model of the visual system in the domestic fowl (Gallus gallus domesticus).','330130','2022-04-01','2024-09-10','2','3','18','86','66','2021-06-05','9.1');
INSERT INTO `Project` (`Project_id`,`Title`,`Summary`,`Funding_amount`,`Start_date`,`Finish_date`,`Program_id`,`Executive_id`,`Org_id`,`Researcher_id_sup`,`Researcher_id_eval`,`Eval_date`,`Eval_grade`) VALUES ('59','Project Cornflakes','This project is about creating a new set of tools that allow for the creation of a new kind of user interface for the web. It is about creating a new way of thinking about the web.','486599','2022-04-01','2024-09-10','6','17','18','86','27','2021-06-05','6.9');
INSERT INTO `Project` (`Project_id`,`Title`,`Summary`,`Funding_amount`,`Start_date`,`Finish_date`,`Program_id`,`Executive_id`,`Org_id`,`Researcher_id_sup`,`Researcher_id_eval`,`Eval_date`,`Eval_grade`) VALUES ('60','Project Ursula','This project is about the development of a new, open-source, distributed, self-healing, fault-tolerant, and secure web application platform.','413228','2022-04-01','2024-09-10','23','10','18','86','71','2021-06-05','7.3');
INSERT INTO `Project` (`Project_id`,`Title`,`Summary`,`Funding_amount`,`Start_date`,`Finish_date`,`Program_id`,`Executive_id`,`Org_id`,`Researcher_id_sup`,`Researcher_id_eval`,`Eval_date`,`Eval_grade`) VALUES ('61','Project Ostra_Brama','This project is about a simple and fast way to make a 3D model of a real object.','273202','2022-04-01','2024-09-10','23','15','18','86','11','2021-06-05','5.7');
INSERT INTO `Project` (`Project_id`,`Title`,`Summary`,`Funding_amount`,`Start_date`,`Finish_date`,`Program_id`,`Executive_id`,`Org_id`,`Researcher_id_sup`,`Researcher_id_eval`,`Eval_date`,`Eval_grade`) VALUES ('62','Project Gunnerside','This project is about the development of a new kind of virtual reality (VR) experience, one that is both social and immersive.','735547','2022-04-01','2024-09-10','17','19','18','86','49','2021-06-05','6.1');
INSERT INTO `Project` (`Project_id`,`Title`,`Summary`,`Funding_amount`,`Start_date`,`Finish_date`,`Program_id`,`Executive_id`,`Org_id`,`Researcher_id_sup`,`Researcher_id_eval`,`Eval_date`,`Eval_grade`) VALUES ('63','Project Krohcol','This project is about the development of a new, more effective, and safer treatment for the prevention of HIV infection.','263346','2022-04-01','2024-09-10','9','14','18','86','28','2021-06-05','8.6');
INSERT INTO `Project` (`Project_id`,`Title`,`Summary`,`Funding_amount`,`Start_date`,`Finish_date`,`Program_id`,`Executive_id`,`Org_id`,`Researcher_id_sup`,`Researcher_id_eval`,`Eval_date`,`Eval_grade`) VALUES ('64','Project Frantic','This project is about creating a new type of data visualization. It is about the visualization of data in a way that is intuitive and meaningful to the user.','854552','2022-04-01','2024-09-10','25','2','18','86','64','2021-06-05','9.3');
INSERT INTO `Project` (`Project_id`,`Title`,`Summary`,`Funding_amount`,`Start_date`,`Finish_date`,`Program_id`,`Executive_id`,`Org_id`,`Researcher_id_sup`,`Researcher_id_eval`,`Eval_date`,`Eval_grade`) VALUES ('65','Project Dragoon','This project is about a simple web application that uses the W3C WebSocket API. It is intended to be used as a standalone application.','512727','2022-04-01','2024-09-10','23','12','18','86','50','2021-06-05','8.2');
INSERT INTO `Project` (`Project_id`,`Title`,`Summary`,`Funding_amount`,`Start_date`,`Finish_date`,`Program_id`,`Executive_id`,`Org_id`,`Researcher_id_sup`,`Researcher_id_eval`,`Eval_date`,`Eval_grade`) VALUES ('66','Project Alphabet','This project is about the design and development of a new generation of small and light-weight unmanned aerial vehicles (UAVs) for use in the agricultural sector. The main objective of this project is to develop a UAV system that is capable of performing various tasks in a cost-effective manner.','986534','2022-04-01','2024-09-10','6','18','18','86','6','2021-06-05','8.3');
INSERT INTO `Project` (`Project_id`,`Title`,`Summary`,`Funding_amount`,`Start_date`,`Finish_date`,`Program_id`,`Executive_id`,`Org_id`,`Researcher_id_sup`,`Researcher_id_eval`,`Eval_date`,`Eval_grade`) VALUES ('67','Project Polarfuchs','This project is about the creation of a new generation of smart cars, with the help of the Internet of Things (IoT) and Artificial Intelligence (AI).','194793','2022-03-01','2023-10-10','26','9','18','86','13','2021-04-05','6.7');


--
-- INSERT Participates
--


INSERT INTO `Participates` (`Researcher_id`,`Project_id`) VALUES ('77','1');
INSERT INTO `Participates` (`Researcher_id`,`Project_id`) VALUES ('78','1');
INSERT INTO `Participates` (`Researcher_id`,`Project_id`) VALUES ('79','1');
INSERT INTO `Participates` (`Researcher_id`,`Project_id`) VALUES ('80','1');
INSERT INTO `Participates` (`Researcher_id`,`Project_id`) VALUES ('77','2');
INSERT INTO `Participates` (`Researcher_id`,`Project_id`) VALUES ('78','2');
INSERT INTO `Participates` (`Researcher_id`,`Project_id`) VALUES ('79','2');
INSERT INTO `Participates` (`Researcher_id`,`Project_id`) VALUES ('80','2');
INSERT INTO `Participates` (`Researcher_id`,`Project_id`) VALUES ('77','3');
INSERT INTO `Participates` (`Researcher_id`,`Project_id`) VALUES ('78','3');
INSERT INTO `Participates` (`Researcher_id`,`Project_id`) VALUES ('79','3');
INSERT INTO `Participates` (`Researcher_id`,`Project_id`) VALUES ('80','3');
INSERT INTO `Participates` (`Researcher_id`,`Project_id`) VALUES ('77','4');
INSERT INTO `Participates` (`Researcher_id`,`Project_id`) VALUES ('78','4');
INSERT INTO `Participates` (`Researcher_id`,`Project_id`) VALUES ('79','4');
INSERT INTO `Participates` (`Researcher_id`,`Project_id`) VALUES ('80','4');
INSERT INTO `Participates` (`Researcher_id`,`Project_id`) VALUES ('77','5');
INSERT INTO `Participates` (`Researcher_id`,`Project_id`) VALUES ('78','5');
INSERT INTO `Participates` (`Researcher_id`,`Project_id`) VALUES ('79','5');
INSERT INTO `Participates` (`Researcher_id`,`Project_id`) VALUES ('80','5');
INSERT INTO `Participates` (`Researcher_id`,`Project_id`) VALUES ('77','6');
INSERT INTO `Participates` (`Researcher_id`,`Project_id`) VALUES ('78','6');
INSERT INTO `Participates` (`Researcher_id`,`Project_id`) VALUES ('79','6');
INSERT INTO `Participates` (`Researcher_id`,`Project_id`) VALUES ('80','6');
INSERT INTO `Participates` (`Researcher_id`,`Project_id`) VALUES ('77','7');
INSERT INTO `Participates` (`Researcher_id`,`Project_id`) VALUES ('78','7');
INSERT INTO `Participates` (`Researcher_id`,`Project_id`) VALUES ('79','7');
INSERT INTO `Participates` (`Researcher_id`,`Project_id`) VALUES ('80','7');
INSERT INTO `Participates` (`Researcher_id`,`Project_id`) VALUES ('77','8');
INSERT INTO `Participates` (`Researcher_id`,`Project_id`) VALUES ('78','8');
INSERT INTO `Participates` (`Researcher_id`,`Project_id`) VALUES ('79','8');
INSERT INTO `Participates` (`Researcher_id`,`Project_id`) VALUES ('80','8');
INSERT INTO `Participates` (`Researcher_id`,`Project_id`) VALUES ('77','9');
INSERT INTO `Participates` (`Researcher_id`,`Project_id`) VALUES ('78','9');
INSERT INTO `Participates` (`Researcher_id`,`Project_id`) VALUES ('79','9');
INSERT INTO `Participates` (`Researcher_id`,`Project_id`) VALUES ('80','9');
INSERT INTO `Participates` (`Researcher_id`,`Project_id`) VALUES ('77','10');
INSERT INTO `Participates` (`Researcher_id`,`Project_id`) VALUES ('78','10');
INSERT INTO `Participates` (`Researcher_id`,`Project_id`) VALUES ('79','10');
INSERT INTO `Participates` (`Researcher_id`,`Project_id`) VALUES ('80','10');
INSERT INTO `Participates` (`Researcher_id`,`Project_id`) VALUES ('77','11');
INSERT INTO `Participates` (`Researcher_id`,`Project_id`) VALUES ('78','11');
INSERT INTO `Participates` (`Researcher_id`,`Project_id`) VALUES ('79','11');
INSERT INTO `Participates` (`Researcher_id`,`Project_id`) VALUES ('80','11');
INSERT INTO `Participates` (`Researcher_id`,`Project_id`) VALUES ('77','12');
INSERT INTO `Participates` (`Researcher_id`,`Project_id`) VALUES ('78','12');
INSERT INTO `Participates` (`Researcher_id`,`Project_id`) VALUES ('79','12');
INSERT INTO `Participates` (`Researcher_id`,`Project_id`) VALUES ('80','12');
INSERT INTO `Participates` (`Researcher_id`,`Project_id`) VALUES ('77','13');
INSERT INTO `Participates` (`Researcher_id`,`Project_id`) VALUES ('78','13');
INSERT INTO `Participates` (`Researcher_id`,`Project_id`) VALUES ('79','13');
INSERT INTO `Participates` (`Researcher_id`,`Project_id`) VALUES ('80','13');
INSERT INTO `Participates` (`Researcher_id`,`Project_id`) VALUES ('77','14');
INSERT INTO `Participates` (`Researcher_id`,`Project_id`) VALUES ('78','14');
INSERT INTO `Participates` (`Researcher_id`,`Project_id`) VALUES ('79','14');
INSERT INTO `Participates` (`Researcher_id`,`Project_id`) VALUES ('80','14');
INSERT INTO `Participates` (`Researcher_id`,`Project_id`) VALUES ('77','15');
INSERT INTO `Participates` (`Researcher_id`,`Project_id`) VALUES ('78','15');
INSERT INTO `Participates` (`Researcher_id`,`Project_id`) VALUES ('79','15');
INSERT INTO `Participates` (`Researcher_id`,`Project_id`) VALUES ('80','15');
INSERT INTO `Participates` (`Researcher_id`,`Project_id`) VALUES ('77','16');
INSERT INTO `Participates` (`Researcher_id`,`Project_id`) VALUES ('78','16');
INSERT INTO `Participates` (`Researcher_id`,`Project_id`) VALUES ('79','16');
INSERT INTO `Participates` (`Researcher_id`,`Project_id`) VALUES ('80','16');
INSERT INTO `Participates` (`Researcher_id`,`Project_id`) VALUES ('77','17');
INSERT INTO `Participates` (`Researcher_id`,`Project_id`) VALUES ('78','17');
INSERT INTO `Participates` (`Researcher_id`,`Project_id`) VALUES ('79','17');
INSERT INTO `Participates` (`Researcher_id`,`Project_id`) VALUES ('80','17');
INSERT INTO `Participates` (`Researcher_id`,`Project_id`) VALUES ('77','18');
INSERT INTO `Participates` (`Researcher_id`,`Project_id`) VALUES ('78','18');
INSERT INTO `Participates` (`Researcher_id`,`Project_id`) VALUES ('79','18');
INSERT INTO `Participates` (`Researcher_id`,`Project_id`) VALUES ('80','18');
INSERT INTO `Participates` (`Researcher_id`,`Project_id`) VALUES ('77','19');
INSERT INTO `Participates` (`Researcher_id`,`Project_id`) VALUES ('78','19');
INSERT INTO `Participates` (`Researcher_id`,`Project_id`) VALUES ('79','19');
INSERT INTO `Participates` (`Researcher_id`,`Project_id`) VALUES ('80','19');
INSERT INTO `Participates` (`Researcher_id`,`Project_id`) VALUES ('77','20');
INSERT INTO `Participates` (`Researcher_id`,`Project_id`) VALUES ('78','20');
INSERT INTO `Participates` (`Researcher_id`,`Project_id`) VALUES ('79','20');
INSERT INTO `Participates` (`Researcher_id`,`Project_id`) VALUES ('80','20');
INSERT INTO `Participates` (`Researcher_id`,`Project_id`) VALUES ('77','21');
INSERT INTO `Participates` (`Researcher_id`,`Project_id`) VALUES ('78','21');
INSERT INTO `Participates` (`Researcher_id`,`Project_id`) VALUES ('79','21');
INSERT INTO `Participates` (`Researcher_id`,`Project_id`) VALUES ('80','21');
INSERT INTO `Participates` (`Researcher_id`,`Project_id`) VALUES ('77','22');
INSERT INTO `Participates` (`Researcher_id`,`Project_id`) VALUES ('78','22');
INSERT INTO `Participates` (`Researcher_id`,`Project_id`) VALUES ('79','22');
INSERT INTO `Participates` (`Researcher_id`,`Project_id`) VALUES ('80','22');
INSERT INTO `Participates` (`Researcher_id`,`Project_id`) VALUES ('77','23');
INSERT INTO `Participates` (`Researcher_id`,`Project_id`) VALUES ('78','23');
INSERT INTO `Participates` (`Researcher_id`,`Project_id`) VALUES ('79','23');
INSERT INTO `Participates` (`Researcher_id`,`Project_id`) VALUES ('80','23');
INSERT INTO `Participates` (`Researcher_id`,`Project_id`) VALUES ('82','24');
INSERT INTO `Participates` (`Researcher_id`,`Project_id`) VALUES ('83','24');
INSERT INTO `Participates` (`Researcher_id`,`Project_id`) VALUES ('84','24');
INSERT INTO `Participates` (`Researcher_id`,`Project_id`) VALUES ('85','24');
INSERT INTO `Participates` (`Researcher_id`,`Project_id`) VALUES ('82','25');
INSERT INTO `Participates` (`Researcher_id`,`Project_id`) VALUES ('83','25');
INSERT INTO `Participates` (`Researcher_id`,`Project_id`) VALUES ('84','25');
INSERT INTO `Participates` (`Researcher_id`,`Project_id`) VALUES ('85','25');
INSERT INTO `Participates` (`Researcher_id`,`Project_id`) VALUES ('82','26');
INSERT INTO `Participates` (`Researcher_id`,`Project_id`) VALUES ('83','26');
INSERT INTO `Participates` (`Researcher_id`,`Project_id`) VALUES ('84','26');
INSERT INTO `Participates` (`Researcher_id`,`Project_id`) VALUES ('85','26');
INSERT INTO `Participates` (`Researcher_id`,`Project_id`) VALUES ('82','27');
INSERT INTO `Participates` (`Researcher_id`,`Project_id`) VALUES ('83','27');
INSERT INTO `Participates` (`Researcher_id`,`Project_id`) VALUES ('84','27');
INSERT INTO `Participates` (`Researcher_id`,`Project_id`) VALUES ('85','27');
INSERT INTO `Participates` (`Researcher_id`,`Project_id`) VALUES ('82','28');
INSERT INTO `Participates` (`Researcher_id`,`Project_id`) VALUES ('83','28');
INSERT INTO `Participates` (`Researcher_id`,`Project_id`) VALUES ('84','28');
INSERT INTO `Participates` (`Researcher_id`,`Project_id`) VALUES ('85','28');
INSERT INTO `Participates` (`Researcher_id`,`Project_id`) VALUES ('82','29');
INSERT INTO `Participates` (`Researcher_id`,`Project_id`) VALUES ('83','29');
INSERT INTO `Participates` (`Researcher_id`,`Project_id`) VALUES ('84','29');
INSERT INTO `Participates` (`Researcher_id`,`Project_id`) VALUES ('85','29');
INSERT INTO `Participates` (`Researcher_id`,`Project_id`) VALUES ('82','30');
INSERT INTO `Participates` (`Researcher_id`,`Project_id`) VALUES ('83','30');
INSERT INTO `Participates` (`Researcher_id`,`Project_id`) VALUES ('84','30');
INSERT INTO `Participates` (`Researcher_id`,`Project_id`) VALUES ('85','30');
INSERT INTO `Participates` (`Researcher_id`,`Project_id`) VALUES ('82','31');
INSERT INTO `Participates` (`Researcher_id`,`Project_id`) VALUES ('83','31');
INSERT INTO `Participates` (`Researcher_id`,`Project_id`) VALUES ('84','31');
INSERT INTO `Participates` (`Researcher_id`,`Project_id`) VALUES ('85','31');
INSERT INTO `Participates` (`Researcher_id`,`Project_id`) VALUES ('82','32');
INSERT INTO `Participates` (`Researcher_id`,`Project_id`) VALUES ('83','32');
INSERT INTO `Participates` (`Researcher_id`,`Project_id`) VALUES ('84','32');
INSERT INTO `Participates` (`Researcher_id`,`Project_id`) VALUES ('85','32');
INSERT INTO `Participates` (`Researcher_id`,`Project_id`) VALUES ('82','33');
INSERT INTO `Participates` (`Researcher_id`,`Project_id`) VALUES ('83','33');
INSERT INTO `Participates` (`Researcher_id`,`Project_id`) VALUES ('84','33');
INSERT INTO `Participates` (`Researcher_id`,`Project_id`) VALUES ('85','33');
INSERT INTO `Participates` (`Researcher_id`,`Project_id`) VALUES ('82','34');
INSERT INTO `Participates` (`Researcher_id`,`Project_id`) VALUES ('83','34');
INSERT INTO `Participates` (`Researcher_id`,`Project_id`) VALUES ('84','34');
INSERT INTO `Participates` (`Researcher_id`,`Project_id`) VALUES ('85','34');
INSERT INTO `Participates` (`Researcher_id`,`Project_id`) VALUES ('82','35');
INSERT INTO `Participates` (`Researcher_id`,`Project_id`) VALUES ('83','35');
INSERT INTO `Participates` (`Researcher_id`,`Project_id`) VALUES ('84','35');
INSERT INTO `Participates` (`Researcher_id`,`Project_id`) VALUES ('85','35');
INSERT INTO `Participates` (`Researcher_id`,`Project_id`) VALUES ('82','36');
INSERT INTO `Participates` (`Researcher_id`,`Project_id`) VALUES ('83','36');
INSERT INTO `Participates` (`Researcher_id`,`Project_id`) VALUES ('84','36');
INSERT INTO `Participates` (`Researcher_id`,`Project_id`) VALUES ('85','36');
INSERT INTO `Participates` (`Researcher_id`,`Project_id`) VALUES ('82','37');
INSERT INTO `Participates` (`Researcher_id`,`Project_id`) VALUES ('83','37');
INSERT INTO `Participates` (`Researcher_id`,`Project_id`) VALUES ('84','37');
INSERT INTO `Participates` (`Researcher_id`,`Project_id`) VALUES ('85','37');
INSERT INTO `Participates` (`Researcher_id`,`Project_id`) VALUES ('82','38');
INSERT INTO `Participates` (`Researcher_id`,`Project_id`) VALUES ('83','38');
INSERT INTO `Participates` (`Researcher_id`,`Project_id`) VALUES ('84','38');
INSERT INTO `Participates` (`Researcher_id`,`Project_id`) VALUES ('85','38');
INSERT INTO `Participates` (`Researcher_id`,`Project_id`) VALUES ('82','39');
INSERT INTO `Participates` (`Researcher_id`,`Project_id`) VALUES ('83','39');
INSERT INTO `Participates` (`Researcher_id`,`Project_id`) VALUES ('84','39');
INSERT INTO `Participates` (`Researcher_id`,`Project_id`) VALUES ('85','39');
INSERT INTO `Participates` (`Researcher_id`,`Project_id`) VALUES ('82','40');
INSERT INTO `Participates` (`Researcher_id`,`Project_id`) VALUES ('83','40');
INSERT INTO `Participates` (`Researcher_id`,`Project_id`) VALUES ('84','40');
INSERT INTO `Participates` (`Researcher_id`,`Project_id`) VALUES ('85','40');
INSERT INTO `Participates` (`Researcher_id`,`Project_id`) VALUES ('82','41');
INSERT INTO `Participates` (`Researcher_id`,`Project_id`) VALUES ('83','41');
INSERT INTO `Participates` (`Researcher_id`,`Project_id`) VALUES ('84','41');
INSERT INTO `Participates` (`Researcher_id`,`Project_id`) VALUES ('85','41');
INSERT INTO `Participates` (`Researcher_id`,`Project_id`) VALUES ('82','42');
INSERT INTO `Participates` (`Researcher_id`,`Project_id`) VALUES ('83','42');
INSERT INTO `Participates` (`Researcher_id`,`Project_id`) VALUES ('84','42');
INSERT INTO `Participates` (`Researcher_id`,`Project_id`) VALUES ('85','42');
INSERT INTO `Participates` (`Researcher_id`,`Project_id`) VALUES ('82','43');
INSERT INTO `Participates` (`Researcher_id`,`Project_id`) VALUES ('83','43');
INSERT INTO `Participates` (`Researcher_id`,`Project_id`) VALUES ('84','43');
INSERT INTO `Participates` (`Researcher_id`,`Project_id`) VALUES ('85','43');
INSERT INTO `Participates` (`Researcher_id`,`Project_id`) VALUES ('82','44');
INSERT INTO `Participates` (`Researcher_id`,`Project_id`) VALUES ('83','44');
INSERT INTO `Participates` (`Researcher_id`,`Project_id`) VALUES ('84','44');
INSERT INTO `Participates` (`Researcher_id`,`Project_id`) VALUES ('85','44');
INSERT INTO `Participates` (`Researcher_id`,`Project_id`) VALUES ('82','45');
INSERT INTO `Participates` (`Researcher_id`,`Project_id`) VALUES ('83','45');
INSERT INTO `Participates` (`Researcher_id`,`Project_id`) VALUES ('84','45');
INSERT INTO `Participates` (`Researcher_id`,`Project_id`) VALUES ('85','45');
INSERT INTO `Participates` (`Researcher_id`,`Project_id`) VALUES ('87','46');
INSERT INTO `Participates` (`Researcher_id`,`Project_id`) VALUES ('88','46');
INSERT INTO `Participates` (`Researcher_id`,`Project_id`) VALUES ('89','46');
INSERT INTO `Participates` (`Researcher_id`,`Project_id`) VALUES ('90','46');
INSERT INTO `Participates` (`Researcher_id`,`Project_id`) VALUES ('87','47');
INSERT INTO `Participates` (`Researcher_id`,`Project_id`) VALUES ('88','47');
INSERT INTO `Participates` (`Researcher_id`,`Project_id`) VALUES ('89','47');
INSERT INTO `Participates` (`Researcher_id`,`Project_id`) VALUES ('90','47');
INSERT INTO `Participates` (`Researcher_id`,`Project_id`) VALUES ('87','48');
INSERT INTO `Participates` (`Researcher_id`,`Project_id`) VALUES ('88','48');
INSERT INTO `Participates` (`Researcher_id`,`Project_id`) VALUES ('89','48');
INSERT INTO `Participates` (`Researcher_id`,`Project_id`) VALUES ('90','48');
INSERT INTO `Participates` (`Researcher_id`,`Project_id`) VALUES ('87','49');
INSERT INTO `Participates` (`Researcher_id`,`Project_id`) VALUES ('88','49');
INSERT INTO `Participates` (`Researcher_id`,`Project_id`) VALUES ('89','49');
INSERT INTO `Participates` (`Researcher_id`,`Project_id`) VALUES ('90','49');
INSERT INTO `Participates` (`Researcher_id`,`Project_id`) VALUES ('87','50');
INSERT INTO `Participates` (`Researcher_id`,`Project_id`) VALUES ('88','50');
INSERT INTO `Participates` (`Researcher_id`,`Project_id`) VALUES ('89','50');
INSERT INTO `Participates` (`Researcher_id`,`Project_id`) VALUES ('90','50');
INSERT INTO `Participates` (`Researcher_id`,`Project_id`) VALUES ('87','51');
INSERT INTO `Participates` (`Researcher_id`,`Project_id`) VALUES ('88','51');
INSERT INTO `Participates` (`Researcher_id`,`Project_id`) VALUES ('89','51');
INSERT INTO `Participates` (`Researcher_id`,`Project_id`) VALUES ('90','51');
INSERT INTO `Participates` (`Researcher_id`,`Project_id`) VALUES ('87','52');
INSERT INTO `Participates` (`Researcher_id`,`Project_id`) VALUES ('88','52');
INSERT INTO `Participates` (`Researcher_id`,`Project_id`) VALUES ('89','52');
INSERT INTO `Participates` (`Researcher_id`,`Project_id`) VALUES ('90','52');
INSERT INTO `Participates` (`Researcher_id`,`Project_id`) VALUES ('87','53');
INSERT INTO `Participates` (`Researcher_id`,`Project_id`) VALUES ('88','53');
INSERT INTO `Participates` (`Researcher_id`,`Project_id`) VALUES ('89','53');
INSERT INTO `Participates` (`Researcher_id`,`Project_id`) VALUES ('90','53');
INSERT INTO `Participates` (`Researcher_id`,`Project_id`) VALUES ('87','54');
INSERT INTO `Participates` (`Researcher_id`,`Project_id`) VALUES ('88','54');
INSERT INTO `Participates` (`Researcher_id`,`Project_id`) VALUES ('89','54');
INSERT INTO `Participates` (`Researcher_id`,`Project_id`) VALUES ('90','54');
INSERT INTO `Participates` (`Researcher_id`,`Project_id`) VALUES ('87','55');
INSERT INTO `Participates` (`Researcher_id`,`Project_id`) VALUES ('88','55');
INSERT INTO `Participates` (`Researcher_id`,`Project_id`) VALUES ('89','55');
INSERT INTO `Participates` (`Researcher_id`,`Project_id`) VALUES ('90','55');
INSERT INTO `Participates` (`Researcher_id`,`Project_id`) VALUES ('87','56');
INSERT INTO `Participates` (`Researcher_id`,`Project_id`) VALUES ('88','56');
INSERT INTO `Participates` (`Researcher_id`,`Project_id`) VALUES ('89','56');
INSERT INTO `Participates` (`Researcher_id`,`Project_id`) VALUES ('90','56');
INSERT INTO `Participates` (`Researcher_id`,`Project_id`) VALUES ('87','57');
INSERT INTO `Participates` (`Researcher_id`,`Project_id`) VALUES ('88','57');
INSERT INTO `Participates` (`Researcher_id`,`Project_id`) VALUES ('89','57');
INSERT INTO `Participates` (`Researcher_id`,`Project_id`) VALUES ('90','57');
INSERT INTO `Participates` (`Researcher_id`,`Project_id`) VALUES ('87','58');
INSERT INTO `Participates` (`Researcher_id`,`Project_id`) VALUES ('88','58');
INSERT INTO `Participates` (`Researcher_id`,`Project_id`) VALUES ('89','58');
INSERT INTO `Participates` (`Researcher_id`,`Project_id`) VALUES ('90','58');
INSERT INTO `Participates` (`Researcher_id`,`Project_id`) VALUES ('87','59');
INSERT INTO `Participates` (`Researcher_id`,`Project_id`) VALUES ('88','59');
INSERT INTO `Participates` (`Researcher_id`,`Project_id`) VALUES ('89','59');
INSERT INTO `Participates` (`Researcher_id`,`Project_id`) VALUES ('90','59');
INSERT INTO `Participates` (`Researcher_id`,`Project_id`) VALUES ('87','60');
INSERT INTO `Participates` (`Researcher_id`,`Project_id`) VALUES ('88','60');
INSERT INTO `Participates` (`Researcher_id`,`Project_id`) VALUES ('89','60');
INSERT INTO `Participates` (`Researcher_id`,`Project_id`) VALUES ('90','60');
INSERT INTO `Participates` (`Researcher_id`,`Project_id`) VALUES ('87','61');
INSERT INTO `Participates` (`Researcher_id`,`Project_id`) VALUES ('88','61');
INSERT INTO `Participates` (`Researcher_id`,`Project_id`) VALUES ('89','61');
INSERT INTO `Participates` (`Researcher_id`,`Project_id`) VALUES ('90','61');
INSERT INTO `Participates` (`Researcher_id`,`Project_id`) VALUES ('87','62');
INSERT INTO `Participates` (`Researcher_id`,`Project_id`) VALUES ('88','62');
INSERT INTO `Participates` (`Researcher_id`,`Project_id`) VALUES ('89','62');
INSERT INTO `Participates` (`Researcher_id`,`Project_id`) VALUES ('90','62');
INSERT INTO `Participates` (`Researcher_id`,`Project_id`) VALUES ('87','63');
INSERT INTO `Participates` (`Researcher_id`,`Project_id`) VALUES ('88','63');
INSERT INTO `Participates` (`Researcher_id`,`Project_id`) VALUES ('89','63');
INSERT INTO `Participates` (`Researcher_id`,`Project_id`) VALUES ('90','63');
INSERT INTO `Participates` (`Researcher_id`,`Project_id`) VALUES ('87','64');
INSERT INTO `Participates` (`Researcher_id`,`Project_id`) VALUES ('88','64');
INSERT INTO `Participates` (`Researcher_id`,`Project_id`) VALUES ('89','64');
INSERT INTO `Participates` (`Researcher_id`,`Project_id`) VALUES ('90','64');
INSERT INTO `Participates` (`Researcher_id`,`Project_id`) VALUES ('87','65');
INSERT INTO `Participates` (`Researcher_id`,`Project_id`) VALUES ('88','65');
INSERT INTO `Participates` (`Researcher_id`,`Project_id`) VALUES ('89','65');
INSERT INTO `Participates` (`Researcher_id`,`Project_id`) VALUES ('90','65');
INSERT INTO `Participates` (`Researcher_id`,`Project_id`) VALUES ('87','66');
INSERT INTO `Participates` (`Researcher_id`,`Project_id`) VALUES ('88','66');
INSERT INTO `Participates` (`Researcher_id`,`Project_id`) VALUES ('89','66');
INSERT INTO `Participates` (`Researcher_id`,`Project_id`) VALUES ('90','66');
INSERT INTO `Participates` (`Researcher_id`,`Project_id`) VALUES ('87','67');
INSERT INTO `Participates` (`Researcher_id`,`Project_id`) VALUES ('88','67');
INSERT INTO `Participates` (`Researcher_id`,`Project_id`) VALUES ('89','67');
INSERT INTO `Participates` (`Researcher_id`,`Project_id`) VALUES ('90','67');
INSERT INTO `Participates` (`Researcher_id`,`Project_id`) VALUES ('92','68');
INSERT INTO `Participates` (`Researcher_id`,`Project_id`) VALUES ('93','68');
INSERT INTO `Participates` (`Researcher_id`,`Project_id`) VALUES ('94','68');
INSERT INTO `Participates` (`Researcher_id`,`Project_id`) VALUES ('95','68');
INSERT INTO `Participates` (`Researcher_id`,`Project_id`) VALUES ('92','69');
INSERT INTO `Participates` (`Researcher_id`,`Project_id`) VALUES ('93','69');
INSERT INTO `Participates` (`Researcher_id`,`Project_id`) VALUES ('94','69');
INSERT INTO `Participates` (`Researcher_id`,`Project_id`) VALUES ('95','69');
INSERT INTO `Participates` (`Researcher_id`,`Project_id`) VALUES ('92','70');
INSERT INTO `Participates` (`Researcher_id`,`Project_id`) VALUES ('93','70');
INSERT INTO `Participates` (`Researcher_id`,`Project_id`) VALUES ('94','70');
INSERT INTO `Participates` (`Researcher_id`,`Project_id`) VALUES ('95','70');
INSERT INTO `Participates` (`Researcher_id`,`Project_id`) VALUES ('97','71');
INSERT INTO `Participates` (`Researcher_id`,`Project_id`) VALUES ('98','71');
INSERT INTO `Participates` (`Researcher_id`,`Project_id`) VALUES ('99','71');
INSERT INTO `Participates` (`Researcher_id`,`Project_id`) VALUES ('100','71');
INSERT INTO `Participates` (`Researcher_id`,`Project_id`) VALUES ('97','72');
INSERT INTO `Participates` (`Researcher_id`,`Project_id`) VALUES ('98','72');
INSERT INTO `Participates` (`Researcher_id`,`Project_id`) VALUES ('99','72');
INSERT INTO `Participates` (`Researcher_id`,`Project_id`) VALUES ('100','72');
INSERT INTO `Participates` (`Researcher_id`,`Project_id`) VALUES ('97','73');
INSERT INTO `Participates` (`Researcher_id`,`Project_id`) VALUES ('98','73');
INSERT INTO `Participates` (`Researcher_id`,`Project_id`) VALUES ('99','73');
INSERT INTO `Participates` (`Researcher_id`,`Project_id`) VALUES ('100','73');
INSERT INTO `Participates` (`Researcher_id`,`Project_id`) VALUES ('102','74');
INSERT INTO `Participates` (`Researcher_id`,`Project_id`) VALUES ('103','74');
INSERT INTO `Participates` (`Researcher_id`,`Project_id`) VALUES ('104','74');
INSERT INTO `Participates` (`Researcher_id`,`Project_id`) VALUES ('105','74');
INSERT INTO `Participates` (`Researcher_id`,`Project_id`) VALUES ('102','75');
INSERT INTO `Participates` (`Researcher_id`,`Project_id`) VALUES ('103','75');
INSERT INTO `Participates` (`Researcher_id`,`Project_id`) VALUES ('104','75');
INSERT INTO `Participates` (`Researcher_id`,`Project_id`) VALUES ('105','75');
INSERT INTO `Participates` (`Researcher_id`,`Project_id`) VALUES ('102','76');
INSERT INTO `Participates` (`Researcher_id`,`Project_id`) VALUES ('103','76');
INSERT INTO `Participates` (`Researcher_id`,`Project_id`) VALUES ('104','76');
INSERT INTO `Participates` (`Researcher_id`,`Project_id`) VALUES ('105','76');
INSERT INTO `Participates` (`Researcher_id`,`Project_id`) VALUES ('107','77');
INSERT INTO `Participates` (`Researcher_id`,`Project_id`) VALUES ('108','77');
INSERT INTO `Participates` (`Researcher_id`,`Project_id`) VALUES ('109','77');
INSERT INTO `Participates` (`Researcher_id`,`Project_id`) VALUES ('110','77');
INSERT INTO `Participates` (`Researcher_id`,`Project_id`) VALUES ('107','78');
INSERT INTO `Participates` (`Researcher_id`,`Project_id`) VALUES ('108','78');
INSERT INTO `Participates` (`Researcher_id`,`Project_id`) VALUES ('109','78');
INSERT INTO `Participates` (`Researcher_id`,`Project_id`) VALUES ('110','78');
INSERT INTO `Participates` (`Researcher_id`,`Project_id`) VALUES ('112','79');
INSERT INTO `Participates` (`Researcher_id`,`Project_id`) VALUES ('113','79');
INSERT INTO `Participates` (`Researcher_id`,`Project_id`) VALUES ('114','79');
INSERT INTO `Participates` (`Researcher_id`,`Project_id`) VALUES ('115','79');
INSERT INTO `Participates` (`Researcher_id`,`Project_id`) VALUES ('112','80');
INSERT INTO `Participates` (`Researcher_id`,`Project_id`) VALUES ('113','80');
INSERT INTO `Participates` (`Researcher_id`,`Project_id`) VALUES ('114','80');
INSERT INTO `Participates` (`Researcher_id`,`Project_id`) VALUES ('115','80');
INSERT INTO `Participates` (`Researcher_id`,`Project_id`) VALUES ('117','81');
INSERT INTO `Participates` (`Researcher_id`,`Project_id`) VALUES ('119','81');
INSERT INTO `Participates` (`Researcher_id`,`Project_id`) VALUES ('120','81');
INSERT INTO `Participates` (`Researcher_id`,`Project_id`) VALUES ('122','82');
INSERT INTO `Participates` (`Researcher_id`,`Project_id`) VALUES ('123','82');
INSERT INTO `Participates` (`Researcher_id`,`Project_id`) VALUES ('124','82');
INSERT INTO `Participates` (`Researcher_id`,`Project_id`) VALUES ('125','82');
INSERT INTO `Participates` (`Researcher_id`,`Project_id`) VALUES ('122','83');
INSERT INTO `Participates` (`Researcher_id`,`Project_id`) VALUES ('123','83');
INSERT INTO `Participates` (`Researcher_id`,`Project_id`) VALUES ('124','83');
INSERT INTO `Participates` (`Researcher_id`,`Project_id`) VALUES ('125','83');
INSERT INTO `Participates` (`Researcher_id`,`Project_id`) VALUES ('122','84');
INSERT INTO `Participates` (`Researcher_id`,`Project_id`) VALUES ('123','84');
INSERT INTO `Participates` (`Researcher_id`,`Project_id`) VALUES ('124','84');
INSERT INTO `Participates` (`Researcher_id`,`Project_id`) VALUES ('125','84');


--
-- INSERT Project in Field
--


INSERT INTO `Project_in_Field` (`Project_id`,`Field_name`) VALUES ('1','Psychology');
INSERT INTO `Project_in_Field` (`Project_id`,`Field_name`) VALUES ('2','Archaeology');
INSERT INTO `Project_in_Field` (`Project_id`,`Field_name`) VALUES ('2','Agriculture');
INSERT INTO `Project_in_Field` (`Project_id`,`Field_name`) VALUES ('3','Agriculture');
INSERT INTO `Project_in_Field` (`Project_id`,`Field_name`) VALUES ('3','Geology');
INSERT INTO `Project_in_Field` (`Project_id`,`Field_name`) VALUES ('3','Biology');
INSERT INTO `Project_in_Field` (`Project_id`,`Field_name`) VALUES ('3','Archaeology');
INSERT INTO `Project_in_Field` (`Project_id`,`Field_name`) VALUES ('4','Mechanical engineering');
INSERT INTO `Project_in_Field` (`Project_id`,`Field_name`) VALUES ('4','Electrical engineering');
INSERT INTO `Project_in_Field` (`Project_id`,`Field_name`) VALUES ('4','Biology');
INSERT INTO `Project_in_Field` (`Project_id`,`Field_name`) VALUES ('5','Social Sciences');
INSERT INTO `Project_in_Field` (`Project_id`,`Field_name`) VALUES ('5','Biology');
INSERT INTO `Project_in_Field` (`Project_id`,`Field_name`) VALUES ('6','Chemistry');
INSERT INTO `Project_in_Field` (`Project_id`,`Field_name`) VALUES ('6','Physics');
INSERT INTO `Project_in_Field` (`Project_id`,`Field_name`) VALUES ('6','Health Sciences');
INSERT INTO `Project_in_Field` (`Project_id`,`Field_name`) VALUES ('6','Civil engineering');
INSERT INTO `Project_in_Field` (`Project_id`,`Field_name`) VALUES ('7','Geology');
INSERT INTO `Project_in_Field` (`Project_id`,`Field_name`) VALUES ('8','Geology');
INSERT INTO `Project_in_Field` (`Project_id`,`Field_name`) VALUES ('8','Psychology');
INSERT INTO `Project_in_Field` (`Project_id`,`Field_name`) VALUES ('9','Computer Science');
INSERT INTO `Project_in_Field` (`Project_id`,`Field_name`) VALUES ('9','Archaeology');
INSERT INTO `Project_in_Field` (`Project_id`,`Field_name`) VALUES ('9','Civil engineering');
INSERT INTO `Project_in_Field` (`Project_id`,`Field_name`) VALUES ('10','Chemistry');
INSERT INTO `Project_in_Field` (`Project_id`,`Field_name`) VALUES ('10','Mechanical engineering');
INSERT INTO `Project_in_Field` (`Project_id`,`Field_name`) VALUES ('10','Computer Science');
INSERT INTO `Project_in_Field` (`Project_id`,`Field_name`) VALUES ('10','Biology');
INSERT INTO `Project_in_Field` (`Project_id`,`Field_name`) VALUES ('11','Math');
INSERT INTO `Project_in_Field` (`Project_id`,`Field_name`) VALUES ('12','Social Sciences');
INSERT INTO `Project_in_Field` (`Project_id`,`Field_name`) VALUES ('13','Psychology');
INSERT INTO `Project_in_Field` (`Project_id`,`Field_name`) VALUES ('13','Math');
INSERT INTO `Project_in_Field` (`Project_id`,`Field_name`) VALUES ('14','Geology');
INSERT INTO `Project_in_Field` (`Project_id`,`Field_name`) VALUES ('14','Electrical engineering');
INSERT INTO `Project_in_Field` (`Project_id`,`Field_name`) VALUES ('14','Archaeology');
INSERT INTO `Project_in_Field` (`Project_id`,`Field_name`) VALUES ('14','Agriculture');
INSERT INTO `Project_in_Field` (`Project_id`,`Field_name`) VALUES ('15','Chemistry');
INSERT INTO `Project_in_Field` (`Project_id`,`Field_name`) VALUES ('15','Psychology');
INSERT INTO `Project_in_Field` (`Project_id`,`Field_name`) VALUES ('15','Physics');
INSERT INTO `Project_in_Field` (`Project_id`,`Field_name`) VALUES ('15','Computer Science');
INSERT INTO `Project_in_Field` (`Project_id`,`Field_name`) VALUES ('16','Computer Science');
INSERT INTO `Project_in_Field` (`Project_id`,`Field_name`) VALUES ('16','Civil engineering');
INSERT INTO `Project_in_Field` (`Project_id`,`Field_name`) VALUES ('17','Civil engineering');
INSERT INTO `Project_in_Field` (`Project_id`,`Field_name`) VALUES ('17','Mechanical engineering');
INSERT INTO `Project_in_Field` (`Project_id`,`Field_name`) VALUES ('17','Social Sciences');
INSERT INTO `Project_in_Field` (`Project_id`,`Field_name`) VALUES ('17','Health Sciences');
INSERT INTO `Project_in_Field` (`Project_id`,`Field_name`) VALUES ('18','Civil engineering');
INSERT INTO `Project_in_Field` (`Project_id`,`Field_name`) VALUES ('18','Archaeology');
INSERT INTO `Project_in_Field` (`Project_id`,`Field_name`) VALUES ('19','Mechanical engineering');
INSERT INTO `Project_in_Field` (`Project_id`,`Field_name`) VALUES ('19','Electrical engineering');
INSERT INTO `Project_in_Field` (`Project_id`,`Field_name`) VALUES ('19','Agriculture');
INSERT INTO `Project_in_Field` (`Project_id`,`Field_name`) VALUES ('20','Civil engineering');
INSERT INTO `Project_in_Field` (`Project_id`,`Field_name`) VALUES ('20','Mechanical engineering');
INSERT INTO `Project_in_Field` (`Project_id`,`Field_name`) VALUES ('20','Geology');
INSERT INTO `Project_in_Field` (`Project_id`,`Field_name`) VALUES ('20','Physics');
INSERT INTO `Project_in_Field` (`Project_id`,`Field_name`) VALUES ('21','Mechanical engineering');
INSERT INTO `Project_in_Field` (`Project_id`,`Field_name`) VALUES ('21','Agriculture');
INSERT INTO `Project_in_Field` (`Project_id`,`Field_name`) VALUES ('21','Computer Science');
INSERT INTO `Project_in_Field` (`Project_id`,`Field_name`) VALUES ('22','Computer Science');
INSERT INTO `Project_in_Field` (`Project_id`,`Field_name`) VALUES ('22','Math');
INSERT INTO `Project_in_Field` (`Project_id`,`Field_name`) VALUES ('23','Social Sciences');
INSERT INTO `Project_in_Field` (`Project_id`,`Field_name`) VALUES ('24','Archaeology');
INSERT INTO `Project_in_Field` (`Project_id`,`Field_name`) VALUES ('25','Chemistry');
INSERT INTO `Project_in_Field` (`Project_id`,`Field_name`) VALUES ('25','Health Sciences');
INSERT INTO `Project_in_Field` (`Project_id`,`Field_name`) VALUES ('25','Agriculture');
INSERT INTO `Project_in_Field` (`Project_id`,`Field_name`) VALUES ('25','Physics');
INSERT INTO `Project_in_Field` (`Project_id`,`Field_name`) VALUES ('26','Health Sciences');
INSERT INTO `Project_in_Field` (`Project_id`,`Field_name`) VALUES ('26','Biology');
INSERT INTO `Project_in_Field` (`Project_id`,`Field_name`) VALUES ('27','Social Sciences');
INSERT INTO `Project_in_Field` (`Project_id`,`Field_name`) VALUES ('27','Math');
INSERT INTO `Project_in_Field` (`Project_id`,`Field_name`) VALUES ('28','Health Sciences');
INSERT INTO `Project_in_Field` (`Project_id`,`Field_name`) VALUES ('29','Psychology');
INSERT INTO `Project_in_Field` (`Project_id`,`Field_name`) VALUES ('29','Electrical engineering');
INSERT INTO `Project_in_Field` (`Project_id`,`Field_name`) VALUES ('30','Agriculture');
INSERT INTO `Project_in_Field` (`Project_id`,`Field_name`) VALUES ('31','Physics');
INSERT INTO `Project_in_Field` (`Project_id`,`Field_name`) VALUES ('31','Biology');
INSERT INTO `Project_in_Field` (`Project_id`,`Field_name`) VALUES ('31','Computer Science');
INSERT INTO `Project_in_Field` (`Project_id`,`Field_name`) VALUES ('31','Mechanical engineering');
INSERT INTO `Project_in_Field` (`Project_id`,`Field_name`) VALUES ('32','Math');
INSERT INTO `Project_in_Field` (`Project_id`,`Field_name`) VALUES ('32','Archaeology');
INSERT INTO `Project_in_Field` (`Project_id`,`Field_name`) VALUES ('32','Electrical engineering');
INSERT INTO `Project_in_Field` (`Project_id`,`Field_name`) VALUES ('33','Electrical engineering');
INSERT INTO `Project_in_Field` (`Project_id`,`Field_name`) VALUES ('34','Math');
INSERT INTO `Project_in_Field` (`Project_id`,`Field_name`) VALUES ('34','Physics');
INSERT INTO `Project_in_Field` (`Project_id`,`Field_name`) VALUES ('35','Health Sciences');
INSERT INTO `Project_in_Field` (`Project_id`,`Field_name`) VALUES ('36','Civil engineering');
INSERT INTO `Project_in_Field` (`Project_id`,`Field_name`) VALUES ('37','Mechanical engineering');
INSERT INTO `Project_in_Field` (`Project_id`,`Field_name`) VALUES ('38','Geology');
INSERT INTO `Project_in_Field` (`Project_id`,`Field_name`) VALUES ('38','Physics');
INSERT INTO `Project_in_Field` (`Project_id`,`Field_name`) VALUES ('39','Psychology');
INSERT INTO `Project_in_Field` (`Project_id`,`Field_name`) VALUES ('39','Mechanical engineering');
INSERT INTO `Project_in_Field` (`Project_id`,`Field_name`) VALUES ('40','Chemistry');
INSERT INTO `Project_in_Field` (`Project_id`,`Field_name`) VALUES ('40','Psychology');
INSERT INTO `Project_in_Field` (`Project_id`,`Field_name`) VALUES ('40','Physics');
INSERT INTO `Project_in_Field` (`Project_id`,`Field_name`) VALUES ('40','Geology');
INSERT INTO `Project_in_Field` (`Project_id`,`Field_name`) VALUES ('41','Civil engineering');
INSERT INTO `Project_in_Field` (`Project_id`,`Field_name`) VALUES ('41','Math');
INSERT INTO `Project_in_Field` (`Project_id`,`Field_name`) VALUES ('42','Chemistry');
INSERT INTO `Project_in_Field` (`Project_id`,`Field_name`) VALUES ('42','Health Sciences');
INSERT INTO `Project_in_Field` (`Project_id`,`Field_name`) VALUES ('43','Chemistry');
INSERT INTO `Project_in_Field` (`Project_id`,`Field_name`) VALUES ('44','Electrical engineering');
INSERT INTO `Project_in_Field` (`Project_id`,`Field_name`) VALUES ('44','Civil engineering');
INSERT INTO `Project_in_Field` (`Project_id`,`Field_name`) VALUES ('44','Geology');
INSERT INTO `Project_in_Field` (`Project_id`,`Field_name`) VALUES ('44','Archaeology');
INSERT INTO `Project_in_Field` (`Project_id`,`Field_name`) VALUES ('45','Psychology');
INSERT INTO `Project_in_Field` (`Project_id`,`Field_name`) VALUES ('45','Computer Science');
INSERT INTO `Project_in_Field` (`Project_id`,`Field_name`) VALUES ('45','Geology');
INSERT INTO `Project_in_Field` (`Project_id`,`Field_name`) VALUES ('45','Physics');
INSERT INTO `Project_in_Field` (`Project_id`,`Field_name`) VALUES ('46','Physics');
INSERT INTO `Project_in_Field` (`Project_id`,`Field_name`) VALUES ('47','Computer Science');
INSERT INTO `Project_in_Field` (`Project_id`,`Field_name`) VALUES ('47','Biology');
INSERT INTO `Project_in_Field` (`Project_id`,`Field_name`) VALUES ('48','Civil engineering');
INSERT INTO `Project_in_Field` (`Project_id`,`Field_name`) VALUES ('49','Archaeology');
INSERT INTO `Project_in_Field` (`Project_id`,`Field_name`) VALUES ('49','Math');
INSERT INTO `Project_in_Field` (`Project_id`,`Field_name`) VALUES ('49','Social Sciences');
INSERT INTO `Project_in_Field` (`Project_id`,`Field_name`) VALUES ('49','Psychology');
INSERT INTO `Project_in_Field` (`Project_id`,`Field_name`) VALUES ('50','Archaeology');
INSERT INTO `Project_in_Field` (`Project_id`,`Field_name`) VALUES ('51','Electrical engineering');
INSERT INTO `Project_in_Field` (`Project_id`,`Field_name`) VALUES ('51','Chemistry');
INSERT INTO `Project_in_Field` (`Project_id`,`Field_name`) VALUES ('51','Computer Science');
INSERT INTO `Project_in_Field` (`Project_id`,`Field_name`) VALUES ('51','Social Sciences');
INSERT INTO `Project_in_Field` (`Project_id`,`Field_name`) VALUES ('52','Biology');
INSERT INTO `Project_in_Field` (`Project_id`,`Field_name`) VALUES ('53','Mechanical engineering');
INSERT INTO `Project_in_Field` (`Project_id`,`Field_name`) VALUES ('54','Health Sciences');
INSERT INTO `Project_in_Field` (`Project_id`,`Field_name`) VALUES ('54','Social Sciences');
INSERT INTO `Project_in_Field` (`Project_id`,`Field_name`) VALUES ('55','Math');
INSERT INTO `Project_in_Field` (`Project_id`,`Field_name`) VALUES ('55','Geology');
INSERT INTO `Project_in_Field` (`Project_id`,`Field_name`) VALUES ('55','Electrical engineering');
INSERT INTO `Project_in_Field` (`Project_id`,`Field_name`) VALUES ('55','Physics');
INSERT INTO `Project_in_Field` (`Project_id`,`Field_name`) VALUES ('56','Physics');
INSERT INTO `Project_in_Field` (`Project_id`,`Field_name`) VALUES ('57','Computer Science');
INSERT INTO `Project_in_Field` (`Project_id`,`Field_name`) VALUES ('57','Physics');
INSERT INTO `Project_in_Field` (`Project_id`,`Field_name`) VALUES ('57','Math');
INSERT INTO `Project_in_Field` (`Project_id`,`Field_name`) VALUES ('58','Math');
INSERT INTO `Project_in_Field` (`Project_id`,`Field_name`) VALUES ('58','Geology');
INSERT INTO `Project_in_Field` (`Project_id`,`Field_name`) VALUES ('58','Physics');
INSERT INTO `Project_in_Field` (`Project_id`,`Field_name`) VALUES ('58','Chemistry');
INSERT INTO `Project_in_Field` (`Project_id`,`Field_name`) VALUES ('59','Physics');
INSERT INTO `Project_in_Field` (`Project_id`,`Field_name`) VALUES ('59','Social Sciences');
INSERT INTO `Project_in_Field` (`Project_id`,`Field_name`) VALUES ('60','Social Sciences');
INSERT INTO `Project_in_Field` (`Project_id`,`Field_name`) VALUES ('60','Computer Science');
INSERT INTO `Project_in_Field` (`Project_id`,`Field_name`) VALUES ('60','Psychology');
INSERT INTO `Project_in_Field` (`Project_id`,`Field_name`) VALUES ('60','Physics');
INSERT INTO `Project_in_Field` (`Project_id`,`Field_name`) VALUES ('61','Health Sciences');
INSERT INTO `Project_in_Field` (`Project_id`,`Field_name`) VALUES ('62','Electrical engineering');
INSERT INTO `Project_in_Field` (`Project_id`,`Field_name`) VALUES ('62','Archaeology');
INSERT INTO `Project_in_Field` (`Project_id`,`Field_name`) VALUES ('63','Chemistry');
INSERT INTO `Project_in_Field` (`Project_id`,`Field_name`) VALUES ('63','Archaeology');
INSERT INTO `Project_in_Field` (`Project_id`,`Field_name`) VALUES ('64','Agriculture');
INSERT INTO `Project_in_Field` (`Project_id`,`Field_name`) VALUES ('64','Mechanical engineering');
INSERT INTO `Project_in_Field` (`Project_id`,`Field_name`) VALUES ('64','Computer Science');
INSERT INTO `Project_in_Field` (`Project_id`,`Field_name`) VALUES ('64','Biology');
INSERT INTO `Project_in_Field` (`Project_id`,`Field_name`) VALUES ('65','Electrical engineering');
INSERT INTO `Project_in_Field` (`Project_id`,`Field_name`) VALUES ('65','Archaeology');
INSERT INTO `Project_in_Field` (`Project_id`,`Field_name`) VALUES ('65','Geology');
INSERT INTO `Project_in_Field` (`Project_id`,`Field_name`) VALUES ('65','Agriculture');
INSERT INTO `Project_in_Field` (`Project_id`,`Field_name`) VALUES ('66','Archaeology');
INSERT INTO `Project_in_Field` (`Project_id`,`Field_name`) VALUES ('67','Geology');
INSERT INTO `Project_in_Field` (`Project_id`,`Field_name`) VALUES ('67','Biology');
INSERT INTO `Project_in_Field` (`Project_id`,`Field_name`) VALUES ('67','Civil engineering');
INSERT INTO `Project_in_Field` (`Project_id`,`Field_name`) VALUES ('68','Health Sciences');
INSERT INTO `Project_in_Field` (`Project_id`,`Field_name`) VALUES ('68','Electrical engineering');
INSERT INTO `Project_in_Field` (`Project_id`,`Field_name`) VALUES ('68','Chemistry');
INSERT INTO `Project_in_Field` (`Project_id`,`Field_name`) VALUES ('69','Health Sciences');
INSERT INTO `Project_in_Field` (`Project_id`,`Field_name`) VALUES ('70','Biology');
INSERT INTO `Project_in_Field` (`Project_id`,`Field_name`) VALUES ('70','Agriculture');
INSERT INTO `Project_in_Field` (`Project_id`,`Field_name`) VALUES ('70','Computer Science');
INSERT INTO `Project_in_Field` (`Project_id`,`Field_name`) VALUES ('71','Physics');
INSERT INTO `Project_in_Field` (`Project_id`,`Field_name`) VALUES ('72','Health Sciences');
INSERT INTO `Project_in_Field` (`Project_id`,`Field_name`) VALUES ('72','Physics');
INSERT INTO `Project_in_Field` (`Project_id`,`Field_name`) VALUES ('72','Chemistry');
INSERT INTO `Project_in_Field` (`Project_id`,`Field_name`) VALUES ('73','Physics');
INSERT INTO `Project_in_Field` (`Project_id`,`Field_name`) VALUES ('73','Chemistry');
INSERT INTO `Project_in_Field` (`Project_id`,`Field_name`) VALUES ('73','Geology');
INSERT INTO `Project_in_Field` (`Project_id`,`Field_name`) VALUES ('74','Electrical engineering');
INSERT INTO `Project_in_Field` (`Project_id`,`Field_name`) VALUES ('75','Biology');
INSERT INTO `Project_in_Field` (`Project_id`,`Field_name`) VALUES ('76','Geology');
INSERT INTO `Project_in_Field` (`Project_id`,`Field_name`) VALUES ('76','Chemistry');
INSERT INTO `Project_in_Field` (`Project_id`,`Field_name`) VALUES ('76','Social Sciences');
INSERT INTO `Project_in_Field` (`Project_id`,`Field_name`) VALUES ('77','Mechanical engineering');
INSERT INTO `Project_in_Field` (`Project_id`,`Field_name`) VALUES ('78','Mechanical engineering');
INSERT INTO `Project_in_Field` (`Project_id`,`Field_name`) VALUES ('78','Archaeology');
INSERT INTO `Project_in_Field` (`Project_id`,`Field_name`) VALUES ('78','Chemistry');
INSERT INTO `Project_in_Field` (`Project_id`,`Field_name`) VALUES ('79','Archaeology');
INSERT INTO `Project_in_Field` (`Project_id`,`Field_name`) VALUES ('79','Computer Science');
INSERT INTO `Project_in_Field` (`Project_id`,`Field_name`) VALUES ('79','Agriculture');
INSERT INTO `Project_in_Field` (`Project_id`,`Field_name`) VALUES ('79','Math');
INSERT INTO `Project_in_Field` (`Project_id`,`Field_name`) VALUES ('80','Math');
INSERT INTO `Project_in_Field` (`Project_id`,`Field_name`) VALUES ('80','Electrical engineering');
INSERT INTO `Project_in_Field` (`Project_id`,`Field_name`) VALUES ('81','Agriculture');
INSERT INTO `Project_in_Field` (`Project_id`,`Field_name`) VALUES ('81','Physics');
INSERT INTO `Project_in_Field` (`Project_id`,`Field_name`) VALUES ('81','Civil engineering');
INSERT INTO `Project_in_Field` (`Project_id`,`Field_name`) VALUES ('81','Archaeology');
INSERT INTO `Project_in_Field` (`Project_id`,`Field_name`) VALUES ('82','Chemistry');
INSERT INTO `Project_in_Field` (`Project_id`,`Field_name`) VALUES ('82','Social Sciences');
INSERT INTO `Project_in_Field` (`Project_id`,`Field_name`) VALUES ('82','Psychology');
INSERT INTO `Project_in_Field` (`Project_id`,`Field_name`) VALUES ('83','Health Sciences');
INSERT INTO `Project_in_Field` (`Project_id`,`Field_name`) VALUES ('83','Physics');
INSERT INTO `Project_in_Field` (`Project_id`,`Field_name`) VALUES ('83','Mechanical engineering');
INSERT INTO `Project_in_Field` (`Project_id`,`Field_name`) VALUES ('84','Electrical engineering');
INSERT INTO `Project_in_Field` (`Project_id`,`Field_name`) VALUES ('84','Archaeology');
INSERT INTO `Project_in_Field` (`Project_id`,`Field_name`) VALUES ('84','Biology');

--
-- INSERT Deliverable
--


INSERT INTO `Deliverable` (`Project_id`,`Title`,`Summary`,`Due_date`) VALUES ('1','Ezreal','This is part 1 out of 2','2023-04-16');
INSERT INTO `Deliverable` (`Project_id`,`Title`,`Summary`,`Due_date`) VALUES ('1','Orianna','This is part 2 out of 2','2022-07-07');
INSERT INTO `Deliverable` (`Project_id`,`Title`,`Summary`,`Due_date`) VALUES ('8','Vi','This is part 1 out of 3','2023-01-19');
INSERT INTO `Deliverable` (`Project_id`,`Title`,`Summary`,`Due_date`) VALUES ('8','Xayah','This is part 2 out of 3','2021-12-12');
INSERT INTO `Deliverable` (`Project_id`,`Title`,`Summary`,`Due_date`) VALUES ('8','Fiddlesticks','This is part 3 out of 3','2023-01-08');
INSERT INTO `Deliverable` (`Project_id`,`Title`,`Summary`,`Due_date`) VALUES ('12','Swain','This is part 1 out of 2','2024-05-15');
INSERT INTO `Deliverable` (`Project_id`,`Title`,`Summary`,`Due_date`) VALUES ('12','Volibear','This is part 2 out of 2','2021-09-21');
INSERT INTO `Deliverable` (`Project_id`,`Title`,`Summary`,`Due_date`) VALUES ('21','Nami','This is part 1 out of 3','2021-01-16');
INSERT INTO `Deliverable` (`Project_id`,`Title`,`Summary`,`Due_date`) VALUES ('21','Kled','This is part 2 out of 3','2022-10-29');
INSERT INTO `Deliverable` (`Project_id`,`Title`,`Summary`,`Due_date`) VALUES ('21','Camille','This is part 3 out of 3','2021-02-06');
INSERT INTO `Deliverable` (`Project_id`,`Title`,`Summary`,`Due_date`) VALUES ('26','Lulu','This is part 1 out of 2','2021-03-06');
INSERT INTO `Deliverable` (`Project_id`,`Title`,`Summary`,`Due_date`) VALUES ('26','Aphelios','This is part 2 out of 2','2022-06-16');
INSERT INTO `Deliverable` (`Project_id`,`Title`,`Summary`,`Due_date`) VALUES ('29','Nasus','This is part 1 out of 2','2020-08-14');
INSERT INTO `Deliverable` (`Project_id`,`Title`,`Summary`,`Due_date`) VALUES ('29','Azir','This is part 2 out of 2','2021-04-29');
INSERT INTO `Deliverable` (`Project_id`,`Title`,`Summary`,`Due_date`) VALUES ('34','Jayce','This is part 1 out of 3','2024-01-16');
INSERT INTO `Deliverable` (`Project_id`,`Title`,`Summary`,`Due_date`) VALUES ('34','Lillia','This is part 2 out of 3','2023-11-26');
INSERT INTO `Deliverable` (`Project_id`,`Title`,`Summary`,`Due_date`) VALUES ('34','Samira','This is part 3 out of 3','2021-07-14');
INSERT INTO `Deliverable` (`Project_id`,`Title`,`Summary`,`Due_date`) VALUES ('35','Seraphine','This is part 1 out of 2','2022-10-27');
INSERT INTO `Deliverable` (`Project_id`,`Title`,`Summary`,`Due_date`) VALUES ('35','Kayn','This is part 2 out of 2','2021-09-09');
INSERT INTO `Deliverable` (`Project_id`,`Title`,`Summary`,`Due_date`) VALUES ('45','Kindred','This is part 1 out of 2','2023-08-02');
INSERT INTO `Deliverable` (`Project_id`,`Title`,`Summary`,`Due_date`) VALUES ('45','Skarner','This is part 2 out of 2','2023-02-11');
INSERT INTO `Deliverable` (`Project_id`,`Title`,`Summary`,`Due_date`) VALUES ('46','Shen','This is part 1 out of 3','2022-04-27');
INSERT INTO `Deliverable` (`Project_id`,`Title`,`Summary`,`Due_date`) VALUES ('46','Udyr','This is part 2 out of 3','2023-12-20');
INSERT INTO `Deliverable` (`Project_id`,`Title`,`Summary`,`Due_date`) VALUES ('46','Lissandra','This is part 3 out of 3','2023-03-24');
INSERT INTO `Deliverable` (`Project_id`,`Title`,`Summary`,`Due_date`) VALUES ('48','Evelynn','This is part 1 out of 2','2023-03-09');
INSERT INTO `Deliverable` (`Project_id`,`Title`,`Summary`,`Due_date`) VALUES ('48','Riven','This is part 2 out of 2','2024-11-30');
INSERT INTO `Deliverable` (`Project_id`,`Title`,`Summary`,`Due_date`) VALUES ('49','Ryze','This is part 1 out of 3','2022-09-27');
INSERT INTO `Deliverable` (`Project_id`,`Title`,`Summary`,`Due_date`) VALUES ('49','Sejuani','This is part 2 out of 3','2021-07-24');
INSERT INTO `Deliverable` (`Project_id`,`Title`,`Summary`,`Due_date`) VALUES ('49','Talon','This is part 3 out of 3','2023-08-24');
INSERT INTO `Deliverable` (`Project_id`,`Title`,`Summary`,`Due_date`) VALUES ('51','Twitch','This is part 1 out of 1','2024-09-12');
INSERT INTO `Deliverable` (`Project_id`,`Title`,`Summary`,`Due_date`) VALUES ('53','Irelia','This is part 1 out of 2','2023-02-08');
INSERT INTO `Deliverable` (`Project_id`,`Title`,`Summary`,`Due_date`) VALUES ('53','Shaco','This is part 2 out of 2','2021-07-08');
INSERT INTO `Deliverable` (`Project_id`,`Title`,`Summary`,`Due_date`) VALUES ('61','Fiora','This is part 1 out of 1','2022-11-18');
INSERT INTO `Deliverable` (`Project_id`,`Title`,`Summary`,`Due_date`) VALUES ('64','Trundle','This is part 1 out of 1','2023-11-22');
INSERT INTO `Deliverable` (`Project_id`,`Title`,`Summary`,`Due_date`) VALUES ('78','Ornn','This is part 1 out of 3','2023-05-11');
INSERT INTO `Deliverable` (`Project_id`,`Title`,`Summary`,`Due_date`) VALUES ('78','Alistar','This is part 2 out of 3','2023-12-24');
INSERT INTO `Deliverable` (`Project_id`,`Title`,`Summary`,`Due_date`) VALUES ('78','Veigar','This is part 3 out of 3','2023-07-19');